epoch,time,train/box_loss,train/cls_loss,train/dfl_loss,metrics/precision(B),metrics/recall(B),metrics/mAP50(B),metrics/mAP50-95(B),val/box_loss,val/cls_loss,val/dfl_loss,lr/pg0,lr/pg1,lr/pg2
1,3.82035,3.26501,4.82954,1.36777,0.00563,0.70833,0.02313,0.00413,3.04968,3.95464,1.47512,0.00026672,0.00026672,0.00026672
2,6.4903,2.7512,2.6534,1.19135,0.0061,0.83333,0.02892,0.00681,2.54089,3.62271,1.16435,0.000549838,0.000549838,0.000549838
3,9.1674,2.48619,2.04465,1.08464,0.00599,0.95833,0.10809,0.03175,2.64111,3.26604,1.20039,0.000832675,0.000832675,0.000832675
4,11.7233,2.30154,1.86087,1.04994,0.00632,0.95833,0.33038,0.06658,2.58063,2.94712,1.32897,0.00111523,0.00111523,0.00111523
5,14.1815,2.36449,1.74158,1.09152,0.00552,0.875,0.14759,0.04143,2.79749,3.07373,1.27168,0.00139751,0.00139751,0.00139751
6,16.6279,2.27175,1.68518,1.03964,0.00433,0.75,0.07526,0.01792,3.04434,3.19985,1.27833,0.00166287,0.00166287,0.00166287
7,19.1363,2.22932,1.55827,1.0088,0.80133,0.91667,0.83407,0.27852,2.45457,1.59911,1.25283,0.00166205,0.00166205,0.00166205
8,21.6436,2.3769,1.54543,1.07403,0.68684,0.70833,0.70315,0.1737,2.64561,1.66364,1.31194,0.00166122,0.00166122,0.00166122
9,24.0974,2.22433,1.49748,1.03354,0.62878,0.70833,0.70345,0.17816,2.66522,1.58063,1.30336,0.0016604,0.0016604,0.0016604
10,26.6006,2.17948,1.34391,1.01339,0.7573,0.78042,0.77284,0.19151,2.48355,1.36796,1.26505,0.00165957,0.00165957,0.00165957
11,29.1645,2.16122,1.34706,1.07928,0.55281,0.66667,0.48811,0.13123,2.79816,1.36975,1.37263,0.00165875,0.00165875,0.00165875
12,31.7282,2.15934,1.30774,1.00032,0.87914,0.90953,0.87257,0.26229,2.53236,1.17561,1.34225,0.00165792,0.00165792,0.00165792
13,34.1112,2.14375,1.33682,1.09946,0.69545,0.75,0.76064,0.22453,2.63475,1.39237,1.24783,0.0016571,0.0016571,0.0016571
14,36.5867,2.07349,1.19583,0.95923,0.8602,0.83333,0.76078,0.21666,2.59429,1.40952,1.25957,0.00165627,0.00165627,0.00165627
15,39.0917,2.04379,1.12496,0.99506,0.8233,0.79167,0.70405,0.1767,2.77113,1.37935,1.33455,0.00165545,0.00165545,0.00165545
16,41.5473,2.0232,1.15491,0.9875,0.77671,0.75,0.70474,0.18717,2.59058,1.28538,1.29233,0.00165462,0.00165462,0.00165462
17,43.9552,2.02153,1.07637,0.96812,0.71773,0.70833,0.62852,0.18332,2.80614,1.34211,1.3154,0.0016538,0.0016538,0.0016538
18,46.3999,2.07588,1.06527,1.01063,0.76856,0.41667,0.53709,0.17623,2.77899,1.42962,1.27453,0.00165297,0.00165297,0.00165297
19,48.9085,1.96288,1.13887,0.94216,0.632,0.28666,0.37247,0.0888,3.11421,1.53489,1.31514,0.00165215,0.00165215,0.00165215
20,51.3588,1.95447,1.06766,0.9523,0.63407,0.58333,0.57038,0.17969,2.73276,1.17739,1.29204,0.00165132,0.00165132,0.00165132
21,53.7888,1.95811,1.00726,0.98723,0.7825,0.79167,0.76319,0.22197,2.78129,1.22757,1.34818,0.0016505,0.0016505,0.0016505
22,56.2547,1.97357,1.004,1.01717,0.46385,0.54167,0.50195,0.12931,2.94951,1.50667,1.44723,0.00164967,0.00164967,0.00164967
23,58.7687,2.00279,0.97621,0.98898,0.52886,0.60838,0.55123,0.1293,2.85262,1.494,1.35622,0.00164885,0.00164885,0.00164885
24,61.3032,1.97731,0.98956,0.97046,0.65825,0.66667,0.6356,0.16258,2.71004,1.33892,1.28838,0.00164802,0.00164802,0.00164802
25,63.8233,1.9842,0.97938,0.96426,0.64905,0.45833,0.53135,0.14518,3.01092,1.30561,1.32686,0.0016472,0.0016472,0.0016472
26,66.297,1.88444,0.9537,0.92287,0.51878,0.5,0.46999,0.1443,2.94111,1.3539,1.28496,0.00164637,0.00164637,0.00164637
27,68.8377,1.99251,0.99928,0.95672,0.66811,0.58729,0.67546,0.19673,2.49007,1.43763,1.17547,0.00164555,0.00164555,0.00164555
28,71.5027,1.97471,0.94674,0.96353,0.77211,0.79167,0.72426,0.19111,2.64982,1.62329,1.28648,0.00164472,0.00164472,0.00164472
29,73.9536,1.9577,0.95636,0.97939,0.79167,0.79166,0.72696,0.21425,2.69421,1.219,1.27152,0.0016439,0.0016439,0.0016439
30,76.4519,1.89632,0.93023,0.94391,0.55361,0.46534,0.48209,0.12707,2.89946,1.49304,1.33058,0.00164307,0.00164307,0.00164307
31,78.9443,1.91814,0.9478,0.9785,0.91964,0.95383,0.97087,0.28773,2.50693,1.17177,1.20391,0.00164225,0.00164225,0.00164225
32,81.6046,1.94014,0.94219,0.96674,0.70241,0.45833,0.56291,0.18557,2.7946,1.36255,1.27878,0.00164142,0.00164142,0.00164142
33,84.0736,1.85926,0.88994,0.94617,0.63621,0.58333,0.58146,0.18312,2.83437,1.32231,1.33781,0.00164059,0.00164059,0.00164059
34,86.5393,1.7854,0.87586,0.91181,0.64479,0.20833,0.23086,0.08147,3.44083,2.05232,1.53839,0.00163977,0.00163977,0.00163977
35,88.9571,1.83243,0.87785,0.91509,0.62238,0.41667,0.47697,0.11531,3.10434,1.64311,1.31988,0.00163894,0.00163894,0.00163894
36,91.4989,1.90779,0.92903,0.9614,0.74774,0.54167,0.66285,0.14832,3.02243,1.32617,1.39677,0.00163812,0.00163812,0.00163812
37,93.9206,1.94034,0.93886,0.94976,0.329,0.22533,0.22442,0.05536,2.85273,2.022,1.36207,0.00163729,0.00163729,0.00163729
38,96.4844,1.94078,0.92464,0.95817,0.56098,0.63924,0.56556,0.1629,2.65673,1.42108,1.31317,0.00163647,0.00163647,0.00163647
39,98.9792,1.85736,0.87366,0.96486,0.56491,0.45833,0.48425,0.15814,2.69563,1.52981,1.30826,0.00163564,0.00163564,0.00163564
40,101.565,1.7958,0.83667,1.0099,0.37745,0.29167,0.37538,0.14481,2.83251,1.71771,1.35454,0.00163482,0.00163482,0.00163482
41,104.063,1.95121,0.91509,0.96812,0.26792,0.57952,0.37217,0.14185,2.87659,1.72671,1.26077,0.00163399,0.00163399,0.00163399
42,106.556,1.91006,0.89874,0.92683,0.3735,0.74531,0.36035,0.11826,2.63378,1.76435,1.25113,0.00163317,0.00163317,0.00163317
43,109.039,1.83562,0.87979,0.97126,0.49065,0.25,0.30296,0.08337,3.2597,1.81553,1.51875,0.00163234,0.00163234,0.00163234
44,111.624,1.79168,0.86516,0.94506,0.6357,0.375,0.43435,0.1486,2.91407,1.70632,1.34541,0.00163152,0.00163152,0.00163152
45,114.113,1.837,0.86863,0.96585,0.41848,0.625,0.50858,0.14913,2.91234,1.54651,1.45362,0.00163069,0.00163069,0.00163069
46,116.577,1.90551,0.85853,0.96859,0.69209,0.56246,0.63073,0.1564,2.85999,1.61579,1.40689,0.00162987,0.00162987,0.00162987
47,119.046,1.82301,0.8737,0.94096,0.60511,0.58333,0.55283,0.16538,2.8092,1.43006,1.39102,0.00162904,0.00162904,0.00162904
48,121.572,1.93511,0.91269,0.95333,0.63285,0.75,0.70752,0.16616,2.87598,1.33313,1.43098,0.00162822,0.00162822,0.00162822
49,124.093,1.88485,0.88138,0.93299,0.54674,0.45833,0.4807,0.16748,2.66531,2.19031,1.32286,0.00162739,0.00162739,0.00162739
50,126.678,1.86666,0.88134,0.96049,0.81896,0.41667,0.55214,0.16004,2.74063,1.80662,1.37994,0.00162657,0.00162657,0.00162657
51,129.432,1.68656,0.86581,0.87887,0.62307,0.45833,0.51897,0.13021,2.89991,1.60249,1.37843,0.00162574,0.00162574,0.00162574
52,131.969,1.84147,0.86725,0.94744,0.67121,0.42575,0.4663,0.15188,2.79911,1.45654,1.3161,0.00162492,0.00162492,0.00162492
53,134.511,1.74711,0.85843,0.88213,0.30354,0.29167,0.26543,0.10073,3.15465,1.50509,1.40895,0.00162409,0.00162409,0.00162409
54,136.941,1.89924,0.86167,0.96636,0.44985,0.45833,0.44586,0.15146,2.66628,1.35979,1.20651,0.00162327,0.00162327,0.00162327
55,139.47,1.84293,0.81813,0.94869,0.63702,0.75,0.67723,0.1816,2.77931,1.3338,1.36925,0.00162244,0.00162244,0.00162244
56,142.023,1.8334,0.83361,0.94117,0.81854,0.83333,0.78564,0.18969,2.79497,1.35741,1.38546,0.00162162,0.00162162,0.00162162
57,144.545,1.81224,0.81494,0.95821,0.52976,0.58333,0.55311,0.12689,3.00293,1.30873,1.42548,0.00162079,0.00162079,0.00162079
58,147.083,1.79798,0.82224,0.94699,0.64067,0.66867,0.63256,0.15885,2.82942,1.37586,1.34473,0.00161997,0.00161997,0.00161997
59,149.608,1.84707,0.84045,0.92795,0.73774,0.70833,0.72516,0.18728,2.74914,1.32837,1.27566,0.00161914,0.00161914,0.00161914
60,152.17,1.88385,0.8772,0.9724,0.88566,0.79167,0.78296,0.21471,2.58646,1.21102,1.23125,0.00161832,0.00161832,0.00161832
61,154.705,1.77408,0.79756,0.90073,0.9181,0.70833,0.78288,0.20584,2.82122,1.42289,1.28855,0.00161749,0.00161749,0.00161749
62,157.224,1.89532,0.86877,0.94766,0.84433,0.67842,0.73131,0.20522,2.77196,1.23126,1.28457,0.00161666,0.00161666,0.00161666
63,159.89,1.89536,0.89239,0.96237,0.65927,0.56484,0.57165,0.17735,2.90223,1.43313,1.28716,0.00161584,0.00161584,0.00161584
64,162.476,1.78426,0.81408,0.95424,0.81954,0.375,0.56784,0.17941,2.67126,1.79249,1.23185,0.00161501,0.00161501,0.00161501
65,164.959,1.84833,0.80426,0.94579,0.73775,0.45833,0.56432,0.16259,2.85636,1.87245,1.36347,0.00161419,0.00161419,0.00161419
66,167.595,1.80621,0.79602,0.95463,0.59015,0.58333,0.65259,0.17467,2.8688,1.41532,1.37142,0.00161336,0.00161336,0.00161336
67,170.073,1.81728,0.84975,0.93258,0.66538,0.29167,0.38623,0.11171,3.31687,1.48121,1.59948,0.00161254,0.00161254,0.00161254
68,172.668,1.78316,0.80933,0.93138,0.81119,0.70833,0.7837,0.2044,2.75901,1.36955,1.31797,0.00161171,0.00161171,0.00161171
69,175.221,1.88368,0.89434,0.98597,0.63127,0.66667,0.61626,0.17024,2.85916,1.49348,1.36294,0.00161089,0.00161089,0.00161089
70,177.705,1.71647,0.78972,0.90708,0.72395,0.45833,0.50571,0.16577,2.83659,1.61315,1.27747,0.00161006,0.00161006,0.00161006
71,180.197,1.8498,0.86022,0.92837,0.68081,0.54167,0.61531,0.17416,2.9028,1.36133,1.32761,0.00160924,0.00160924,0.00160924
72,182.719,1.78014,0.79151,0.9478,0.85516,0.73843,0.76375,0.21533,2.73928,1.32663,1.27178,0.00160841,0.00160841,0.00160841
73,185.29,1.85945,0.81194,0.97222,0.82245,0.70833,0.72379,0.18094,2.78562,1.35523,1.27249,0.00160759,0.00160759,0.00160759
74,187.855,1.72496,0.8655,0.92041,0.85305,0.79167,0.81568,0.23242,2.67539,1.21902,1.26629,0.00160676,0.00160676,0.00160676
75,190.339,1.6953,0.76793,0.92764,0.42722,0.83333,0.44096,0.13263,2.58956,1.79252,1.31095,0.00160594,0.00160594,0.00160594
76,192.846,1.71508,0.78659,0.93208,0.39873,0.79167,0.51849,0.13544,2.59399,1.92349,1.27678,0.00160511,0.00160511,0.00160511
77,195.444,1.8506,0.81723,0.94656,0.5227,0.66667,0.66409,0.16638,2.87937,1.63032,1.44711,0.00160429,0.00160429,0.00160429
78,197.965,1.86308,0.81764,0.951,0.73118,0.70833,0.66468,0.17745,2.90411,1.36675,1.42826,0.00160346,0.00160346,0.00160346
79,200.549,1.84391,0.84693,0.98235,0.65183,0.70227,0.65625,0.1883,2.80617,1.19426,1.32175,0.00160264,0.00160264,0.00160264
80,203.065,1.76883,0.81333,0.9242,0.59988,0.58333,0.57762,0.15116,2.83932,1.15,1.31828,0.00160181,0.00160181,0.00160181
81,205.59,1.67323,0.77932,0.88404,0.77959,0.79167,0.75248,0.18743,2.64105,1.13509,1.25779,0.00160099,0.00160099,0.00160099
82,208.098,1.72596,0.762,0.92846,0.63692,0.70833,0.57007,0.157,2.63643,1.19438,1.26716,0.00160016,0.00160016,0.00160016
83,210.555,1.58675,0.75439,0.87307,0.77969,0.79167,0.76179,0.19629,2.72184,1.13644,1.32254,0.00159934,0.00159934,0.00159934
84,213.066,1.82956,0.7883,0.92123,0.63594,0.58333,0.61447,0.15175,3.00413,1.37172,1.41055,0.00159851,0.00159851,0.00159851
85,215.605,1.74201,0.78711,0.93252,0.41391,0.35361,0.27694,0.075,3.11583,1.45046,1.49137,0.00159769,0.00159769,0.00159769
86,218.102,1.68109,0.76579,0.92783,0.45591,0.54167,0.4232,0.11817,2.9455,1.36735,1.48431,0.00159686,0.00159686,0.00159686
87,220.745,1.74581,0.81666,0.93635,0.54286,0.54167,0.42891,0.10066,3.00407,1.2632,1.47405,0.00159604,0.00159604,0.00159604
88,223.338,1.71389,0.79938,0.93156,0.57765,0.58333,0.50524,0.11435,2.89444,1.47763,1.39706,0.00159521,0.00159521,0.00159521
89,225.82,1.7845,0.79844,0.93948,0.27454,0.58333,0.36647,0.11063,2.91409,1.6976,1.36064,0.00159439,0.00159439,0.00159439
90,228.369,1.81038,0.81597,0.95435,0.63893,0.625,0.57685,0.157,2.75611,1.51188,1.32147,0.00159356,0.00159356,0.00159356
91,230.968,1.68281,0.75929,0.92096,0.65349,0.625,0.58753,0.15333,2.7983,1.45911,1.34975,0.00159274,0.00159274,0.00159274
92,233.494,1.78272,0.76544,0.9324,0.78737,0.625,0.66071,0.20139,2.65988,1.51346,1.35186,0.00159191,0.00159191,0.00159191
93,235.997,1.80662,0.77978,0.95494,0.41192,0.41667,0.38662,0.10689,2.88094,1.8167,1.39307,0.00159108,0.00159108,0.00159108
94,238.521,1.6741,0.76761,0.9289,0.31682,0.25,0.18641,0.05194,2.99122,2.14372,1.39752,0.00159026,0.00159026,0.00159026
95,241.061,1.76255,0.78179,0.94085,0.28747,0.25,0.2687,0.06728,2.88693,1.95506,1.33127,0.00158943,0.00158943,0.00158943
96,243.58,1.57654,0.73423,0.86546,0.59451,0.5,0.50748,0.12233,2.92748,1.50043,1.38718,0.00158861,0.00158861,0.00158861
97,246.06,1.7967,0.77372,0.9165,0.65932,0.66667,0.6623,0.15685,2.93254,1.22054,1.43041,0.00158778,0.00158778,0.00158778
98,248.653,1.71112,0.76587,0.91344,0.69687,0.58333,0.59023,0.14577,2.93941,1.27152,1.36995,0.00158696,0.00158696,0.00158696
99,251.151,1.78917,0.8066,0.93498,0.62609,0.5,0.54372,0.13722,2.89094,1.51702,1.30414,0.00158613,0.00158613,0.00158613
100,253.722,1.81311,0.8049,0.94864,0.76777,0.68923,0.66791,0.20693,2.73508,1.16957,1.30766,0.00158531,0.00158531,0.00158531
101,256.244,1.73687,0.78038,0.91155,0.6439,0.625,0.61495,0.15033,2.9013,1.67246,1.3433,0.00158448,0.00158448,0.00158448
102,258.7,1.74939,0.81565,0.93465,0.66592,0.54167,0.53808,0.16052,2.89952,1.47723,1.34919,0.00158366,0.00158366,0.00158366
103,261.267,1.62394,0.76574,0.90488,0.61944,0.5,0.49334,0.12167,3.10269,1.2225,1.47757,0.00158283,0.00158283,0.00158283
104,263.887,1.72917,0.76165,0.91331,0.63089,0.58333,0.57606,0.15893,2.95834,1.20863,1.33402,0.00158201,0.00158201,0.00158201
105,266.357,1.74028,0.77305,0.92425,0.71425,0.5,0.58123,0.17438,2.93938,1.32843,1.39386,0.00158118,0.00158118,0.00158118
106,268.894,1.75794,0.79712,0.91493,0.73249,0.57093,0.59882,0.16198,2.92953,1.70535,1.41359,0.00158036,0.00158036,0.00158036
107,271.469,1.60507,0.74739,0.91936,0.73076,0.566,0.62544,0.15687,2.89628,1.72349,1.36466,0.00157953,0.00157953,0.00157953
108,273.988,1.65269,0.75239,0.90798,0.79696,0.45833,0.56302,0.14052,2.93229,1.74798,1.33071,0.00157871,0.00157871,0.00157871
109,276.472,1.73183,0.76353,0.90664,0.73432,0.33333,0.41011,0.09951,2.98155,1.76985,1.39665,0.00157788,0.00157788,0.00157788
110,278.951,1.7047,0.77336,0.91183,0.6881,0.64392,0.68552,0.16908,2.8231,1.50507,1.33489,0.00157706,0.00157706,0.00157706
111,281.43,1.64109,0.72315,0.88582,0.61035,0.54167,0.63162,0.14686,2.91372,1.33035,1.37874,0.00157623,0.00157623,0.00157623
112,283.968,1.75289,0.77161,0.93127,0.43471,0.25,0.25793,0.08574,3.093,1.80196,1.46828,0.00157541,0.00157541,0.00157541
113,286.404,1.70237,0.79166,0.93059,0.52595,0.70833,0.47143,0.1308,2.98699,1.32291,1.39469,0.00157458,0.00157458,0.00157458
114,288.899,1.69238,0.77342,0.92603,0.48398,0.78178,0.54778,0.17767,2.95007,1.35343,1.31799,0.00157376,0.00157376,0.00157376
115,291.445,1.67111,0.74938,0.92335,0.75639,0.41667,0.54086,0.13633,3.008,1.32922,1.36061,0.00157293,0.00157293,0.00157293
116,294.002,1.70097,0.77045,0.90769,0.69464,0.58333,0.63895,0.13661,2.97381,1.46337,1.41263,0.00157211,0.00157211,0.00157211
117,296.467,1.6713,0.75741,0.90886,0.80515,0.75,0.74889,0.15258,2.93198,1.23363,1.37748,0.00157128,0.00157128,0.00157128
118,298.981,1.6366,0.73136,0.90111,0.81107,0.58333,0.65491,0.15906,3.00458,1.16092,1.39438,0.00157046,0.00157046,0.00157046
119,301.459,1.66525,0.76583,0.90156,0.69661,0.57438,0.62629,0.16274,3.02414,1.19278,1.36552,0.00156963,0.00156963,0.00156963
120,304.023,1.61061,0.70905,0.88526,0.7539,0.66667,0.66454,0.18868,2.91077,1.2405,1.33382,0.00156881,0.00156881,0.00156881
121,306.497,1.66294,0.74767,0.9291,0.51001,0.45833,0.49129,0.11443,3.12478,1.61691,1.46637,0.00156798,0.00156798,0.00156798
122,308.986,1.67394,0.74791,0.89365,0.72227,0.625,0.66666,0.16902,2.9703,1.32745,1.37425,0.00156716,0.00156716,0.00156716
123,311.487,1.89639,0.83862,0.9467,0.63788,0.25,0.26895,0.07329,3.27943,1.76596,1.51338,0.00156633,0.00156633,0.00156633
124,313.961,1.76925,0.76409,0.92129,0.70351,0.54167,0.6383,0.16536,2.9189,1.41816,1.41046,0.0015655,0.0015655,0.0015655
125,316.43,1.68921,0.76707,0.88927,0.59385,0.54167,0.52858,0.14785,3.0547,1.36273,1.42443,0.00156468,0.00156468,0.00156468
126,318.895,1.63246,0.72265,0.91458,0.5758,0.58333,0.52808,0.14509,3.03668,1.23257,1.42568,0.00156385,0.00156385,0.00156385
127,321.443,1.65279,0.74079,0.91171,0.61592,0.625,0.595,0.13959,3.15588,1.20606,1.51614,0.00156303,0.00156303,0.00156303
128,323.994,1.62827,0.74906,0.89632,0.57544,0.58333,0.54591,0.13727,3.14845,1.21953,1.53182,0.0015622,0.0015622,0.0015622
129,326.479,1.61114,0.72998,0.92447,0.3774,0.45833,0.42589,0.14235,3.17858,1.25945,1.45411,0.00156138,0.00156138,0.00156138
130,328.933,1.60574,0.73392,0.89707,0.66076,0.45833,0.49033,0.1574,3.03198,1.40411,1.39307,0.00156055,0.00156055,0.00156055
131,331.502,1.61723,0.76947,0.86586,0.71705,0.75,0.70416,0.17737,2.78665,1.41071,1.29191,0.00155973,0.00155973,0.00155973
132,334.079,1.56026,0.73397,0.90019,0.66796,0.625,0.59863,0.14702,2.96999,1.22009,1.40506,0.0015589,0.0015589,0.0015589
133,336.632,1.66339,0.75108,0.91705,0.73612,0.70833,0.667,0.12943,3.01982,1.24423,1.43608,0.00155808,0.00155808,0.00155808
134,339.088,1.62079,0.71265,0.90086,0.55312,0.61906,0.54976,0.14125,3.10713,1.17236,1.44874,0.00155725,0.00155725,0.00155725
135,341.574,1.56354,0.69878,0.85825,0.53542,0.66667,0.59056,0.14563,3.10371,1.22481,1.41676,0.00155643,0.00155643,0.00155643
136,344.08,1.61049,0.73944,0.89118,0.59838,0.62096,0.55372,0.12646,3.04794,1.26737,1.40254,0.0015556,0.0015556,0.0015556
137,346.544,1.72267,0.75401,0.92014,0.64425,0.58333,0.54189,0.11872,3.05777,1.2941,1.3943,0.00155478,0.00155478,0.00155478
138,349.107,1.63115,0.71255,0.91381,0.49189,0.45833,0.36292,0.0875,3.0584,1.72917,1.37713,0.00155395,0.00155395,0.00155395
139,351.668,1.65533,0.75335,0.89476,0.60746,0.5,0.43132,0.13234,3.10208,1.562,1.40398,0.00155313,0.00155313,0.00155313
140,354.208,1.67843,0.72944,0.89436,0.72658,0.25,0.33767,0.10836,3.25431,1.27311,1.4994,0.0015523,0.0015523,0.0015523
141,356.702,1.56337,0.88182,0.85059,0.34623,0.58333,0.38306,0.10029,3.17174,1.52113,1.46518,0.00155148,0.00155148,0.00155148
142,359.25,1.62428,0.78715,0.89829,0.54418,0.5,0.44704,0.13806,3.0497,1.61528,1.43045,0.00155065,0.00155065,0.00155065
143,361.766,1.71087,0.74634,0.90962,0.53599,0.45833,0.467,0.13067,3.02898,1.42371,1.3919,0.00154983,0.00154983,0.00154983
144,364.257,1.66102,0.76837,0.89546,0.62297,0.55111,0.49672,0.14894,2.90825,1.47016,1.40764,0.001549,0.001549,0.001549
145,366.771,1.63121,0.74247,0.90423,0.78511,0.70833,0.7053,0.19018,2.85362,1.12059,1.32804,0.00154818,0.00154818,0.00154818
146,369.281,1.60586,0.7346,0.89718,0.77478,0.75,0.71034,0.20513,2.76129,1.24562,1.32044,0.00154735,0.00154735,0.00154735
147,371.784,1.63524,0.71409,0.9078,0.65159,0.70833,0.60894,0.17585,2.8354,1.26002,1.33466,0.00154653,0.00154653,0.00154653
148,374.31,1.59095,0.72097,0.89332,0.7271,0.77748,0.66848,0.1779,2.83136,1.20523,1.30159,0.0015457,0.0015457,0.0015457
149,376.841,1.62773,0.72252,0.91861,0.61186,0.66667,0.62228,0.17925,2.93991,1.20147,1.37438,0.00154488,0.00154488,0.00154488
150,379.318,1.57222,0.71364,0.84466,0.59269,0.5,0.55616,0.1473,3.07211,1.35669,1.46149,0.00154405,0.00154405,0.00154405
151,381.827,1.5923,0.71769,0.91477,0.58898,0.53755,0.54876,0.14997,3.05592,1.23746,1.44382,0.00154323,0.00154323,0.00154323
152,384.51,1.59672,0.73005,0.89272,0.68897,0.625,0.62089,0.15139,3.02623,1.20053,1.4518,0.0015424,0.0015424,0.0015424
153,386.985,1.60533,0.72658,0.9303,0.54698,0.625,0.46142,0.11736,3.10542,1.38435,1.46338,0.00154157,0.00154157,0.00154157
154,389.504,1.59066,0.72198,0.89714,0.65261,0.70833,0.68564,0.17932,2.91829,1.32059,1.38015,0.00154075,0.00154075,0.00154075
155,391.988,1.57242,0.70111,0.89708,0.59681,0.70833,0.64123,0.15222,3.15137,1.19364,1.45495,0.00153992,0.00153992,0.00153992
156,394.553,1.57121,0.71355,0.88037,0.63266,0.71789,0.68723,0.16467,3.08293,1.10512,1.48341,0.0015391,0.0015391,0.0015391
157,397.033,1.59688,0.72346,0.92507,0.63636,0.58332,0.55256,0.12415,3.15274,1.20975,1.56902,0.00153827,0.00153827,0.00153827
158,399.474,1.55065,0.71982,0.90987,0.77579,0.5,0.51146,0.14966,3.09534,1.46371,1.53181,0.00153745,0.00153745,0.00153745
159,401.97,1.66248,0.71529,0.92076,0.83215,0.41341,0.47478,0.13796,3.21153,1.41502,1.55895,0.00153662,0.00153662,0.00153662
160,404.494,1.68328,0.7354,0.91496,0.58506,0.54167,0.49406,0.15398,3.02113,1.3019,1.47164,0.0015358,0.0015358,0.0015358
161,407.072,1.65678,0.74083,0.90743,0.66173,0.57098,0.57695,0.15861,2.98252,1.34333,1.45045,0.00153497,0.00153497,0.00153497
162,409.557,1.61704,0.71619,0.90605,0.51972,0.375,0.33728,0.10782,3.10158,1.55271,1.52618,0.00153415,0.00153415,0.00153415
163,412.002,1.51735,0.71857,0.84771,0.49841,0.375,0.41198,0.13348,2.98044,1.60304,1.39019,0.00153332,0.00153332,0.00153332
164,414.551,1.56271,0.706,0.89295,0.56135,0.33333,0.39738,0.14106,2.98685,1.49156,1.39211,0.0015325,0.0015325,0.0015325
165,417.063,1.59189,0.74436,0.90975,0.49035,0.45833,0.45431,0.12991,3.09969,1.43953,1.46687,0.00153167,0.00153167,0.00153167
166,419.569,1.61754,0.76644,0.91114,0.63591,0.58223,0.57476,0.16564,2.91617,1.39424,1.33219,0.00153085,0.00153085,0.00153085
167,422.084,1.5889,0.68932,0.91793,0.58779,0.5,0.50904,0.16946,2.9687,1.34252,1.35602,0.00153002,0.00153002,0.00153002
168,424.642,1.62931,0.69322,0.92013,0.52906,0.5,0.48372,0.17291,2.92531,1.24609,1.32942,0.0015292,0.0015292,0.0015292
169,427.156,1.62566,0.70826,0.89424,0.5936,0.45833,0.44779,0.14008,3.06305,1.26475,1.4434,0.00152837,0.00152837,0.00152837
170,429.738,1.53451,0.69049,0.89575,0.64967,0.54092,0.53073,0.16216,2.93388,1.21375,1.3875,0.00152755,0.00152755,0.00152755
171,432.271,1.53546,0.70862,0.9165,0.55274,0.58333,0.50424,0.14054,2.99036,1.33354,1.32197,0.00152672,0.00152672,0.00152672
172,434.844,1.58399,0.70905,0.88646,0.6047,0.57397,0.4402,0.1224,2.90859,1.29619,1.37722,0.0015259,0.0015259,0.0015259
173,437.407,1.55297,0.69943,0.89346,0.61194,0.54167,0.44648,0.15022,2.99604,1.23192,1.44364,0.00152507,0.00152507,0.00152507
174,439.887,1.55691,0.70162,0.91207,0.61561,0.54167,0.42344,0.12076,3.06366,1.23731,1.46597,0.00152425,0.00152425,0.00152425
175,442.411,1.67625,0.77977,0.91759,0.66044,0.58333,0.5813,0.16046,2.98632,1.22153,1.47198,0.00152342,0.00152342,0.00152342
176,444.949,1.6983,0.71381,0.90188,0.57453,0.625,0.48287,0.14495,2.96449,1.15125,1.43119,0.0015226,0.0015226,0.0015226
177,447.353,1.55625,0.71117,0.89372,0.5474,0.58333,0.42403,0.1227,3.07852,1.2981,1.45373,0.00152177,0.00152177,0.00152177
178,450.009,1.60218,0.7023,0.92286,0.60159,0.66667,0.52417,0.1101,2.96606,1.34679,1.34902,0.00152095,0.00152095,0.00152095
179,452.673,1.44337,0.66197,0.82257,0.4939,0.5,0.40022,0.1196,3.02501,1.40762,1.39541,0.00152012,0.00152012,0.00152012
180,455.214,1.61101,0.70943,0.9084,0.48136,0.29167,0.23022,0.06575,3.30799,1.44427,1.57182,0.0015193,0.0015193,0.0015193
181,457.706,1.61594,0.75355,0.89926,0.54547,0.58333,0.42581,0.10228,3.05993,1.2058,1.44785,0.00151847,0.00151847,0.00151847
182,460.184,1.59476,0.72812,0.91232,0.65795,0.625,0.51548,0.12297,2.98508,1.24129,1.42531,0.00151765,0.00151765,0.00151765
183,462.664,1.56591,0.72714,0.89178,0.7331,0.68716,0.63747,0.14075,2.96761,1.36021,1.39596,0.00151682,0.00151682,0.00151682
184,465.209,1.54528,0.69347,0.88686,0.59559,0.58333,0.47334,0.13525,3.09702,1.28815,1.45402,0.00151599,0.00151599,0.00151599
185,467.749,1.60737,0.71473,0.88703,0.6621,0.57191,0.56729,0.16605,2.99104,1.30021,1.38568,0.00151517,0.00151517,0.00151517
186,470.206,1.53404,0.68785,0.89101,0.7309,0.5,0.51643,0.13936,3.04244,1.33346,1.36583,0.00151434,0.00151434,0.00151434
187,472.722,1.54126,0.68878,0.88907,0.82834,0.66667,0.68409,0.14737,3.11475,1.33172,1.42644,0.00151352,0.00151352,0.00151352
188,475.3,1.55596,0.69694,0.89068,0.5962,0.54167,0.52348,0.14189,3.15958,1.29691,1.47395,0.00151269,0.00151269,0.00151269
189,477.82,1.50969,0.69776,0.89397,0.66936,0.70833,0.66617,0.17052,3.02992,1.21879,1.41793,0.00151187,0.00151187,0.00151187
190,480.313,1.5455,0.65427,0.87446,0.53065,0.5,0.48957,0.14268,3.13074,1.34917,1.44058,0.00151104,0.00151104,0.00151104
191,482.897,1.51057,0.67743,0.89783,0.62357,0.625,0.59811,0.17276,2.90427,1.21438,1.36394,0.00151022,0.00151022,0.00151022
192,485.528,1.49275,0.69021,0.87275,0.6941,0.66667,0.65395,0.1654,2.93719,1.08166,1.41647,0.00150939,0.00150939,0.00150939
193,487.994,1.50459,0.67818,0.89385,0.69906,0.7747,0.73935,0.19011,2.77966,1.0335,1.34042,0.00150857,0.00150857,0.00150857
194,490.518,1.59809,0.74762,0.88645,0.69323,0.66667,0.64497,0.17865,2.91255,1.25895,1.36353,0.00150774,0.00150774,0.00150774
195,493.058,1.60481,0.74424,0.91102,0.74794,0.74209,0.66586,0.19172,2.76719,1.19676,1.35429,0.00150692,0.00150692,0.00150692
196,495.58,1.54551,0.67852,0.89894,0.53855,0.58333,0.56944,0.1622,2.99982,1.27455,1.46237,0.00150609,0.00150609,0.00150609
197,498.07,1.58224,0.67819,0.9021,0.44844,0.5,0.42441,0.13101,3.0414,1.17777,1.4324,0.00150527,0.00150527,0.00150527
198,500.57,1.6402,0.701,0.89198,0.57015,0.5,0.46632,0.1387,3.09097,1.25313,1.47462,0.00150444,0.00150444,0.00150444
199,503.104,1.54859,0.6909,0.90845,0.49031,0.52149,0.43226,0.12781,3.17099,1.20218,1.52066,0.00150362,0.00150362,0.00150362
200,505.609,1.60275,0.67984,0.91616,0.485,0.43209,0.41223,0.13258,3.1376,1.28488,1.47319,0.00150279,0.00150279,0.00150279
201,508.443,1.48998,0.65924,0.90525,0.4181,0.29167,0.36073,0.13702,3.12562,1.3462,1.50708,0.00150197,0.00150197,0.00150197
202,511.551,1.51028,0.67367,0.88243,0.43452,0.45833,0.43447,0.14731,3.11115,1.22829,1.48722,0.00150114,0.00150114,0.00150114
203,514.511,1.56455,0.71214,0.90847,0.56243,0.41667,0.38188,0.11651,3.20194,1.19394,1.53609,0.00150032,0.00150032,0.00150032
204,517.237,1.45379,0.67916,0.84409,0.5334,0.5,0.4511,0.16057,2.95078,1.29632,1.45626,0.00149949,0.00149949,0.00149949
205,519.925,1.57833,0.71657,0.87256,0.58034,0.375,0.45079,0.16031,3.04414,1.26034,1.42751,0.00149867,0.00149867,0.00149867
206,522.476,1.56464,0.68702,0.90107,0.84401,0.45137,0.58926,0.18131,2.8387,1.30352,1.34526,0.00149784,0.00149784,0.00149784
207,525.323,1.51576,0.70175,0.88422,0.8112,0.5,0.65818,0.18486,2.87027,1.33587,1.32817,0.00149702,0.00149702,0.00149702
208,528.119,1.51427,0.68981,0.89305,0.35927,0.66667,0.50087,0.17229,2.72106,1.52501,1.29933,0.00149619,0.00149619,0.00149619
209,531.039,1.53308,0.69817,0.89843,0.31476,0.625,0.2924,0.09025,2.76612,1.82225,1.32276,0.00149537,0.00149537,0.00149537
210,533.728,1.51005,0.66568,0.90887,0.30339,0.58076,0.3028,0.09187,2.87838,1.77196,1.31616,0.00149454,0.00149454,0.00149454
211,536.717,1.51506,0.69227,0.88441,0.56706,0.33333,0.44878,0.15672,2.79159,1.56361,1.32347,0.00149372,0.00149372,0.00149372
212,539.626,1.61323,0.69585,0.89209,0.60478,0.45833,0.51508,0.15475,2.92979,1.35524,1.34657,0.00149289,0.00149289,0.00149289
213,542.524,1.3963,0.64195,0.8435,0.72101,0.53857,0.59821,0.1773,2.85759,1.37549,1.31726,0.00149207,0.00149207,0.00149207
214,545.292,1.4526,0.64689,0.81905,0.74693,0.58333,0.66903,0.17511,2.929,1.2264,1.37153,0.00149124,0.00149124,0.00149124
215,548.138,1.53758,0.68681,0.8898,0.74841,0.61996,0.60307,0.16296,3.03711,1.246,1.44842,0.00149041,0.00149041,0.00149041
216,550.924,1.51161,0.68939,0.87675,0.78162,0.59703,0.62918,0.15203,2.94642,1.30446,1.44274,0.00148959,0.00148959,0.00148959
217,553.793,1.53228,0.70399,0.8753,0.56765,0.54727,0.50013,0.14246,3.22093,1.31402,1.59137,0.00148876,0.00148876,0.00148876
218,556.721,1.57272,0.67649,0.87621,0.50969,0.5,0.39839,0.1257,3.07838,1.2005,1.48405,0.00148794,0.00148794,0.00148794
219,559.794,1.55524,0.68593,0.88631,0.47873,0.33333,0.27726,0.09522,3.32485,1.6177,1.59433,0.00148711,0.00148711,0.00148711
220,562.613,1.60427,0.69487,0.90688,0.62707,0.54167,0.535,0.14462,3.19824,1.27051,1.49978,0.00148629,0.00148629,0.00148629
221,565.249,1.45134,0.79079,0.83708,0.53762,0.45833,0.41604,0.13196,3.09333,1.24738,1.42031,0.00148546,0.00148546,0.00148546
222,567.861,1.58929,0.69572,0.90472,0.54244,0.5,0.43196,0.12017,3.10093,1.27427,1.42093,0.00148464,0.00148464,0.00148464
223,570.523,1.55658,0.66773,0.88763,0.32217,0.66667,0.39402,0.11559,3.08644,1.47313,1.40182,0.00148381,0.00148381,0.00148381
224,573.174,1.51656,0.68793,0.89106,0.28591,0.66667,0.3881,0.11045,3.03915,1.51125,1.38172,0.00148299,0.00148299,0.00148299
225,575.81,1.61039,0.69655,0.89237,0.5137,0.45833,0.41131,0.09856,2.94724,1.61104,1.34431,0.00148216,0.00148216,0.00148216
226,578.402,1.38335,0.61351,0.83636,0.54155,0.49248,0.43972,0.12325,3.04691,1.54214,1.3474,0.00148134,0.00148134,0.00148134
227,581.016,1.58095,0.6853,0.89122,0.65007,0.58333,0.55049,0.13605,3.0474,1.27906,1.37506,0.00148051,0.00148051,0.00148051
228,583.755,1.53197,0.7146,0.88734,0.70933,0.61053,0.57006,0.12641,3.07358,1.2654,1.47996,0.00147969,0.00147969,0.00147969
229,586.445,1.48741,0.67542,0.89389,0.49854,0.45833,0.47256,0.11754,3.02156,1.26546,1.43184,0.00147886,0.00147886,0.00147886
230,589.11,1.4876,0.67639,0.87459,0.65554,0.45833,0.47891,0.14402,3.18145,1.34734,1.4921,0.00147804,0.00147804,0.00147804
231,591.853,1.48737,0.67422,0.88572,0.57468,0.50696,0.5335,0.15542,3.02257,1.42205,1.40552,0.00147721,0.00147721,0.00147721
232,594.415,1.53023,0.70489,0.88777,0.85747,0.54167,0.6023,0.15442,3.00029,1.59416,1.41305,0.00147639,0.00147639,0.00147639
233,596.939,1.5258,0.6759,0.89068,0.89173,0.54167,0.67716,0.18339,2.89106,1.4917,1.36507,0.00147556,0.00147556,0.00147556
234,599.53,1.56545,0.70508,0.88509,0.78207,0.44913,0.51154,0.14715,3.01584,1.43652,1.42998,0.00147474,0.00147474,0.00147474
235,602.034,1.55864,0.66988,0.87767,0.61541,0.40068,0.48462,0.15258,2.98648,1.46992,1.38325,0.00147391,0.00147391,0.00147391
236,604.571,1.4554,0.66512,0.88022,0.634,0.33333,0.46487,0.1497,2.83304,1.72466,1.30906,0.00147309,0.00147309,0.00147309
237,607.072,1.56837,0.67873,0.90535,0.96681,0.20833,0.25925,0.10491,2.91054,2.28546,1.34936,0.00147226,0.00147226,0.00147226
238,609.601,1.64999,0.7104,0.88985,0.87487,0.33333,0.39129,0.15035,3.02091,1.78353,1.40491,0.00147144,0.00147144,0.00147144
239,612.196,1.4796,0.6595,0.88529,0.74012,0.33333,0.44569,0.15727,2.9802,1.51271,1.40872,0.00147061,0.00147061,0.00147061
240,614.813,1.50101,0.66927,0.89367,0.63068,0.5,0.53966,0.12215,3.07119,1.33983,1.4347,0.00146979,0.00146979,0.00146979
241,617.287,1.46837,0.63849,0.88907,0.67336,0.625,0.6029,0.1589,2.96165,1.12465,1.41769,0.00146896,0.00146896,0.00146896
242,619.813,1.52702,0.68116,0.88645,0.62655,0.58333,0.60124,0.15483,2.99401,1.22634,1.46738,0.00146814,0.00146814,0.00146814
243,622.329,1.54234,0.67913,0.88424,0.5651,0.5,0.46985,0.13427,3.12811,1.31488,1.46616,0.00146731,0.00146731,0.00146731
244,624.872,1.47845,0.66157,0.87471,0.6141,0.54167,0.5417,0.1451,2.98315,1.2444,1.39343,0.00146648,0.00146648,0.00146648
245,627.392,1.45616,0.65867,0.87569,0.53501,0.5,0.36828,0.12026,3.02415,1.34861,1.40714,0.00146566,0.00146566,0.00146566
246,629.942,1.51728,0.65896,0.87515,0.55236,0.5,0.33982,0.09552,3.06856,1.43493,1.43401,0.00146483,0.00146483,0.00146483
247,632.477,1.5395,0.68585,0.8929,0.55148,0.58333,0.35237,0.10314,3.025,1.40276,1.37185,0.00146401,0.00146401,0.00146401
248,635.061,1.43847,0.75849,0.83395,0.57515,0.625,0.48373,0.13675,3.13168,1.22551,1.43286,0.00146318,0.00146318,0.00146318
249,637.554,1.44983,0.6381,0.82636,0.61595,0.625,0.50419,0.16294,3.00295,1.2233,1.36268,0.00146236,0.00146236,0.00146236
250,640.059,1.65149,0.68971,0.91546,0.4315,0.45833,0.41213,0.13923,3.02378,1.3489,1.37351,0.00146153,0.00146153,0.00146153
251,642.626,1.50932,0.66336,0.89331,0.8601,0.2569,0.35851,0.13774,3.00737,1.64001,1.37428,0.00146071,0.00146071,0.00146071
252,645.218,1.49174,0.64986,0.88608,0.3853,0.41667,0.36214,0.11875,3.22912,1.40171,1.47774,0.00145988,0.00145988,0.00145988
253,647.739,1.528,0.66446,0.88786,0.55749,0.5,0.44288,0.14432,3.12038,1.38227,1.43188,0.00145906,0.00145906,0.00145906
254,650.245,1.43182,0.63959,0.87733,0.56677,0.54167,0.46326,0.13363,3.16224,1.38119,1.43866,0.00145823,0.00145823,0.00145823
255,652.792,1.43338,0.64063,0.87855,0.68082,0.625,0.62834,0.17659,2.94465,1.26175,1.39497,0.00145741,0.00145741,0.00145741
256,655.361,1.48612,0.67574,0.89255,0.79011,0.54167,0.60339,0.16928,2.92901,1.5375,1.35517,0.00145658,0.00145658,0.00145658
257,657.821,1.40285,0.63329,0.87057,0.66653,0.45833,0.48724,0.1468,3.08082,1.63789,1.47558,0.00145576,0.00145576,0.00145576
258,660.367,1.40363,0.606,0.82035,0.68798,0.58333,0.61724,0.17784,3.03125,1.31458,1.46531,0.00145493,0.00145493,0.00145493
259,662.866,1.51877,0.67984,0.88939,0.45907,0.58333,0.47033,0.15028,3.12894,1.32683,1.47526,0.00145411,0.00145411,0.00145411
260,665.428,1.41253,0.63833,0.88907,0.66023,0.625,0.60815,0.20439,2.83289,1.25644,1.34179,0.00145328,0.00145328,0.00145328
261,667.998,1.45714,0.68113,0.89578,0.51334,0.54167,0.52274,0.15476,3.08934,1.26358,1.47961,0.00145246,0.00145246,0.00145246
262,670.423,1.36953,0.62877,0.83197,0.56188,0.45833,0.48663,0.15155,3.1033,1.22121,1.47434,0.00145163,0.00145163,0.00145163
263,672.936,1.50073,0.67482,0.90417,0.61091,0.54167,0.55464,0.165,3.08736,1.12341,1.42197,0.00145081,0.00145081,0.00145081
264,675.463,1.4387,0.65823,0.87937,0.58237,0.58333,0.55783,0.16789,3.05488,1.09077,1.44053,0.00144998,0.00144998,0.00144998
265,677.999,1.47231,0.68995,0.8746,0.62533,0.58333,0.51325,0.1557,2.97839,1.5781,1.42024,0.00144916,0.00144916,0.00144916
266,680.576,1.45234,0.65198,0.89509,0.64448,0.52919,0.54618,0.15374,3.01236,1.4676,1.43734,0.00144833,0.00144833,0.00144833
267,683.059,1.45211,0.66608,0.85426,0.30796,0.45833,0.45875,0.14603,2.94021,1.7785,1.39695,0.00144751,0.00144751,0.00144751
268,685.661,1.47044,0.65483,0.88037,0.44007,0.625,0.59447,0.14883,2.93226,1.65013,1.37815,0.00144668,0.00144668,0.00144668
269,688.2,1.51802,0.66651,0.87815,0.77217,0.625,0.60801,0.17802,2.94614,1.50481,1.41926,0.00144586,0.00144586,0.00144586
270,690.747,1.46601,0.64269,0.8831,0.76287,0.58333,0.60644,0.17995,2.79773,1.44923,1.38037,0.00144503,0.00144503,0.00144503
271,693.366,1.54882,0.67144,0.872,0.61641,0.46912,0.45903,0.14202,2.98312,1.47504,1.42622,0.00144421,0.00144421,0.00144421
272,695.898,1.48115,0.64699,0.85475,0.70854,0.5,0.57059,0.18094,2.8255,1.7474,1.33526,0.00144338,0.00144338,0.00144338
273,698.398,1.61286,0.6699,0.89147,0.73621,0.58154,0.53709,0.13348,3.12684,1.76149,1.49237,0.00144256,0.00144256,0.00144256
274,700.89,1.4595,0.66896,0.87855,0.70781,0.625,0.62938,0.14446,3.07239,1.32134,1.46266,0.00144173,0.00144173,0.00144173
275,703.423,1.47764,0.65703,0.87319,0.62669,0.5,0.4741,0.13138,3.22414,1.28533,1.5444,0.0014409,0.0014409,0.0014409
276,705.988,1.5751,0.66603,0.88728,0.67786,0.625,0.61259,0.16056,3.06557,1.12471,1.45731,0.00144008,0.00144008,0.00144008
277,708.492,1.53803,0.66711,0.89015,0.77466,0.57338,0.59217,0.1383,3.09075,1.40887,1.51607,0.00143925,0.00143925,0.00143925
278,711.007,1.47531,0.65876,0.86307,0.80224,0.66667,0.67411,0.16306,3.0207,1.59174,1.49141,0.00143843,0.00143843,0.00143843
279,713.552,1.48306,0.64891,0.90365,0.72588,0.66667,0.63672,0.16668,2.95287,1.46367,1.44307,0.0014376,0.0014376,0.0014376
280,716.167,1.45529,0.67321,0.86071,0.63313,0.57555,0.52947,0.14612,3.12382,1.30702,1.47267,0.00143678,0.00143678,0.00143678
281,718.668,1.39173,0.63768,0.88529,0.57768,0.33333,0.38928,0.13553,3.2229,1.43119,1.58358,0.00143595,0.00143595,0.00143595
282,721.19,1.45466,0.69941,0.8913,0.67342,0.45833,0.49589,0.14741,3.18748,1.37927,1.53502,0.00143513,0.00143513,0.00143513
283,723.725,1.50396,0.66761,0.89847,0.62965,0.54167,0.5162,0.14719,3.15145,1.27392,1.50001,0.0014343,0.0014343,0.0014343
284,726.27,1.48471,0.71793,0.89628,0.84619,0.75,0.75362,0.22536,2.75632,1.16286,1.32653,0.00143348,0.00143348,0.00143348
285,728.761,1.31736,0.60009,0.83117,0.67489,0.70833,0.65838,0.19351,3.02801,1.10889,1.44711,0.00143265,0.00143265,0.00143265
286,731.317,1.44691,0.66238,0.88301,0.70013,0.70833,0.68809,0.19755,2.87065,1.11603,1.3678,0.00143183,0.00143183,0.00143183
287,733.783,1.41172,0.61154,0.83942,0.74977,0.74912,0.72997,0.20644,2.79831,1.13255,1.33972,0.001431,0.001431,0.001431
288,736.327,1.46529,0.63,0.85429,0.64619,0.70833,0.67207,0.17354,3.04786,1.26251,1.45492,0.00143018,0.00143018,0.00143018
289,738.955,1.43567,0.64887,0.88156,0.68717,0.625,0.62805,0.16326,2.96897,1.33063,1.41066,0.00142935,0.00142935,0.00142935
290,741.484,1.53513,0.66987,0.87508,0.53624,0.5,0.42418,0.12277,3.06606,1.51425,1.44937,0.00142853,0.00142853,0.00142853
291,744.05,1.37822,0.61269,0.84691,0.42659,0.66667,0.51922,0.1399,2.97902,1.34614,1.42704,0.0014277,0.0014277,0.0014277
292,746.582,1.42162,0.60759,0.87223,0.44589,0.45833,0.35277,0.12632,3.16892,1.29924,1.49665,0.00142688,0.00142688,0.00142688
293,749.118,1.46497,0.66745,0.86906,0.50814,0.41667,0.35357,0.13549,3.12192,1.5702,1.45839,0.00142605,0.00142605,0.00142605
294,751.709,1.41991,0.65108,0.85913,0.51357,0.25,0.30336,0.111,3.10162,1.82555,1.50807,0.00142523,0.00142523,0.00142523
295,754.268,1.41224,0.66419,0.85613,0.76875,0.33333,0.37216,0.13015,3.06557,1.52112,1.49892,0.0014244,0.0014244,0.0014244
296,756.83,1.40677,0.62456,0.85897,0.68988,0.5,0.47208,0.15331,3.07428,1.33245,1.48276,0.00142358,0.00142358,0.00142358
297,759.258,1.44162,0.64192,0.86568,0.41591,0.375,0.38848,0.12748,3.23054,1.28333,1.52672,0.00142275,0.00142275,0.00142275
298,761.777,1.40628,0.66258,0.82749,0.55954,0.54167,0.53058,0.15445,3.11425,1.22465,1.44192,0.00142193,0.00142193,0.00142193
299,764.286,1.46218,0.64434,0.85582,0.61177,0.58333,0.56378,0.16328,2.96572,1.26891,1.36111,0.0014211,0.0014211,0.0014211
300,766.907,1.38186,0.64284,0.87488,0.50884,0.5,0.46896,0.15853,3.04934,1.30375,1.39006,0.00142028,0.00142028,0.00142028
301,769.367,1.50766,0.71092,0.89996,0.75046,0.66667,0.64019,0.21718,2.8311,1.15001,1.32403,0.00141945,0.00141945,0.00141945
302,771.879,1.41664,0.61982,0.88055,0.87174,0.56703,0.57772,0.18422,2.79008,1.43537,1.28536,0.00141863,0.00141863,0.00141863
303,774.429,1.42442,0.63393,0.87488,0.69733,0.38452,0.40633,0.14385,2.7651,2.03843,1.27488,0.0014178,0.0014178,0.0014178
304,777.057,1.47036,0.65299,0.87079,0.66913,0.4216,0.44908,0.1547,2.74325,1.77304,1.24827,0.00141698,0.00141698,0.00141698
305,779.582,1.38581,0.64248,0.88611,0.86139,0.54167,0.57587,0.16725,2.95092,1.28131,1.3573,0.00141615,0.00141615,0.00141615
306,782.084,1.43107,0.62105,0.88252,0.70267,0.49271,0.47721,0.15098,3.09243,1.37851,1.43699,0.00141532,0.00141532,0.00141532
307,784.639,1.34114,0.59226,0.81851,0.38257,0.33333,0.28713,0.13203,3.13254,1.41326,1.42677,0.0014145,0.0014145,0.0014145
308,787.14,1.39174,0.66589,0.86482,0.76404,0.45833,0.48355,0.16758,2.96249,1.43807,1.33404,0.00141367,0.00141367,0.00141367
309,789.619,1.36879,0.61438,0.86964,0.85344,0.5,0.592,0.1863,2.93085,1.26139,1.30101,0.00141285,0.00141285,0.00141285
310,792.209,1.42231,0.61632,0.87001,0.91842,0.625,0.69042,0.23364,2.68247,1.2231,1.23912,0.00141202,0.00141202,0.00141202
311,794.717,1.4292,0.63198,0.86757,0.65749,0.41667,0.50714,0.19365,2.73189,1.39692,1.24999,0.0014112,0.0014112,0.0014112
312,797.298,1.39895,0.6258,0.87903,0.85852,0.25,0.33632,0.13652,2.97434,1.70675,1.39667,0.00141037,0.00141037,0.00141037
313,799.829,1.38811,0.61158,0.8677,0.94284,0.33333,0.45977,0.15497,3.03685,1.43191,1.45458,0.00140955,0.00140955,0.00140955
314,802.391,1.4343,0.66002,0.86142,0.66645,0.375,0.47426,0.15307,3.13125,1.29543,1.46242,0.00140872,0.00140872,0.00140872
315,804.888,1.42132,0.63235,0.87902,0.642,0.54167,0.59222,0.16316,3.1337,1.10198,1.43245,0.0014079,0.0014079,0.0014079
316,807.397,1.39189,0.61141,0.86711,0.77558,0.625,0.72704,0.20041,2.95181,1.10351,1.34446,0.00140707,0.00140707,0.00140707
317,809.98,1.38256,0.66641,0.86947,0.6633,0.57493,0.59317,0.1776,2.9827,1.15751,1.3914,0.00140625,0.00140625,0.00140625
318,812.546,1.44384,0.64618,0.86564,0.79792,0.65841,0.69471,0.17901,2.94707,1.18103,1.38127,0.00140542,0.00140542,0.00140542
319,815.027,1.44746,0.67134,0.87097,0.77462,0.57326,0.68736,0.19196,2.99319,1.05816,1.40336,0.0014046,0.0014046,0.0014046
320,817.527,1.44971,0.65052,0.8668,0.64722,0.70833,0.60999,0.20529,2.84715,1.03458,1.36839,0.00140377,0.00140377,0.00140377
321,820.011,1.37946,0.61925,0.87137,0.60191,0.625,0.59361,0.15208,2.92067,1.21166,1.38884,0.00140295,0.00140295,0.00140295
322,822.525,1.46073,0.62255,0.89543,0.66871,0.625,0.62367,0.15499,2.88259,1.2647,1.35901,0.00140212,0.00140212,0.00140212
323,825.029,1.41473,0.64311,0.87299,0.7012,0.70833,0.69537,0.1861,2.90773,1.18356,1.36685,0.0014013,0.0014013,0.0014013
324,827.567,1.42972,0.64135,0.87137,0.60025,0.5,0.54464,0.15949,3.11876,1.16552,1.45457,0.00140047,0.00140047,0.00140047
325,830.09,1.36147,0.667,0.82641,0.60575,0.58333,0.57271,0.17276,2.94932,1.07481,1.38774,0.00139965,0.00139965,0.00139965
326,832.649,1.39532,0.60204,0.8694,0.55329,0.56807,0.51738,0.16669,3.09499,1.16798,1.44832,0.00139882,0.00139882,0.00139882
327,835.165,1.3762,0.62282,0.86655,0.69512,0.66667,0.58721,0.19431,2.95374,1.10444,1.39561,0.001398,0.001398,0.001398
328,837.828,1.36482,0.62745,0.87333,0.69659,0.625,0.56764,0.17124,3.08147,1.26649,1.45777,0.00139717,0.00139717,0.00139717
329,840.335,1.43306,0.63695,0.87154,0.90615,0.20833,0.30001,0.12114,3.24804,1.62888,1.55755,0.00139635,0.00139635,0.00139635
330,842.883,1.43048,0.62004,0.87557,0.29331,0.62261,0.34388,0.12669,3.10883,1.6641,1.48169,0.00139552,0.00139552,0.00139552
331,845.396,1.40251,0.62556,0.87061,0.9627,0.20833,0.30484,0.13232,2.94121,1.93798,1.33076,0.0013947,0.0013947,0.0013947
332,848.061,1.44274,0.61538,0.86005,0.9599,0.20833,0.3108,0.12973,2.90548,2.12238,1.30291,0.00139387,0.00139387,0.00139387
333,850.562,1.39911,0.62298,0.88178,0.69508,0.28552,0.32693,0.14067,2.77259,2.17684,1.31226,0.00139305,0.00139305,0.00139305
334,853.045,1.36882,0.61623,0.8852,0.88365,0.33333,0.44428,0.16177,2.80912,1.80719,1.36782,0.00139222,0.00139222,0.00139222
335,855.583,1.37563,0.6032,0.86292,0.69759,0.625,0.53696,0.17698,2.99262,1.10876,1.44156,0.00139139,0.00139139,0.00139139
336,858.241,1.33745,0.61704,0.85634,0.70213,0.70833,0.64603,0.18641,2.96982,1.21067,1.41848,0.00139057,0.00139057,0.00139057
337,860.736,1.47705,0.61954,0.89296,0.83768,0.64566,0.66766,0.21705,2.83714,1.51985,1.31715,0.00138974,0.00138974,0.00138974
338,863.324,1.45168,0.62687,0.88727,0.73228,0.58333,0.64449,0.19256,2.83937,1.26531,1.33793,0.00138892,0.00138892,0.00138892
339,865.89,1.417,0.61953,0.86268,0.45817,0.58333,0.52173,0.15232,2.99576,1.28493,1.37751,0.00138809,0.00138809,0.00138809
340,868.431,1.37655,0.62709,0.86506,0.78327,0.75303,0.79992,0.20563,2.79867,1.09577,1.35367,0.00138727,0.00138727,0.00138727
341,871.023,1.47123,0.64959,0.85815,0.70719,0.70457,0.7369,0.20465,2.83627,1.13786,1.38428,0.00138644,0.00138644,0.00138644
342,873.508,1.39827,0.62536,0.85834,0.6625,0.5,0.61104,0.19371,2.76389,1.46602,1.34055,0.00138562,0.00138562,0.00138562
343,876.022,1.47988,0.64215,0.89074,0.69001,0.46402,0.5333,0.16438,2.87731,1.43222,1.37469,0.00138479,0.00138479,0.00138479
344,878.534,1.34095,0.62146,0.87228,0.68345,0.54167,0.53916,0.17015,2.85902,1.57331,1.39505,0.00138397,0.00138397,0.00138397
345,881.145,1.30502,0.59531,0.83603,0.60224,0.5,0.43859,0.15837,3.12303,1.35979,1.49737,0.00138314,0.00138314,0.00138314
346,883.633,1.38212,0.65045,0.85492,0.61068,0.54167,0.47302,0.14023,3.13476,1.27002,1.51978,0.00138232,0.00138232,0.00138232
347,886.106,1.45772,0.65522,0.86041,0.53728,0.54167,0.46314,0.1362,3.11592,1.25637,1.53361,0.00138149,0.00138149,0.00138149
348,888.72,1.4222,0.63102,0.86744,0.69776,0.625,0.64578,0.15988,3.01356,1.08418,1.46263,0.00138067,0.00138067,0.00138067
349,891.18,1.4206,0.64084,0.86168,0.64925,0.66667,0.58888,0.15136,3.01841,1.06751,1.45333,0.00137984,0.00137984,0.00137984
350,893.694,1.46946,0.62075,0.87282,0.79072,0.66667,0.66841,0.1899,2.97117,1.18957,1.39218,0.00137902,0.00137902,0.00137902
351,896.222,1.39476,0.62417,0.8663,0.63936,0.4438,0.48323,0.14182,3.10803,1.6308,1.43357,0.00137819,0.00137819,0.00137819
352,898.75,1.37969,0.62974,0.86245,0.78322,0.54167,0.6154,0.18715,2.81856,1.54382,1.31756,0.00137737,0.00137737,0.00137737
353,901.287,1.4036,0.78902,0.888,0.87099,0.58333,0.61518,0.2041,2.79112,1.37946,1.34704,0.00137654,0.00137654,0.00137654
354,903.77,1.39978,0.61172,0.8727,0.82058,0.57219,0.60787,0.17496,2.81405,1.45484,1.37193,0.00137572,0.00137572,0.00137572
355,906.333,1.41829,0.65097,0.85096,0.7556,0.58333,0.61985,0.16793,2.86367,2.25323,1.37476,0.00137489,0.00137489,0.00137489
356,908.88,1.41982,0.65159,0.87823,0.36282,0.625,0.25386,0.05688,3.09424,2.50882,1.43945,0.00137407,0.00137407,0.00137407
357,911.38,1.35231,0.58511,0.82278,0.38907,0.625,0.3735,0.10765,3.07666,1.68134,1.45299,0.00137324,0.00137324,0.00137324
358,913.869,1.45779,0.65591,0.87326,0.80402,0.54167,0.58301,0.14204,2.99318,1.23899,1.42165,0.00137242,0.00137242,0.00137242
359,916.45,1.42479,0.64662,0.88153,0.74849,0.62021,0.59946,0.12621,3.02715,1.24428,1.40895,0.00137159,0.00137159,0.00137159
360,918.976,1.48028,0.65078,0.87945,0.63772,0.66033,0.59301,0.15148,2.99323,1.08895,1.46126,0.00137077,0.00137077,0.00137077
361,921.503,1.40604,0.63947,0.88446,0.53748,0.625,0.54814,0.16527,2.99829,1.13741,1.42701,0.00136994,0.00136994,0.00136994
362,924.019,1.41103,0.61746,0.85383,0.80975,0.58333,0.61962,0.16131,3.05225,1.33625,1.43512,0.00136912,0.00136912,0.00136912
363,926.541,1.40905,0.61362,0.85994,0.71486,0.625,0.59778,0.17388,3.02827,1.42526,1.35598,0.00136829,0.00136829,0.00136829
364,929.117,1.45234,0.63737,0.88577,0.82875,0.45833,0.58687,0.18945,2.96657,1.56654,1.38143,0.00136747,0.00136747,0.00136747
365,931.599,1.38816,0.59392,0.88151,0.7476,0.494,0.56522,0.20079,2.87991,1.5066,1.35844,0.00136664,0.00136664,0.00136664
366,934.178,1.37657,0.5865,0.86697,0.87342,0.625,0.67948,0.19377,2.93679,1.06717,1.40515,0.00136581,0.00136581,0.00136581
367,936.711,1.40239,0.60636,0.86735,0.72628,0.75,0.69409,0.17331,2.92252,1.01279,1.40892,0.00136499,0.00136499,0.00136499
368,939.242,1.41273,0.6248,0.86568,0.68855,0.73727,0.58335,0.16499,2.89014,1.00478,1.4304,0.00136416,0.00136416,0.00136416
369,941.746,1.39904,0.62103,0.85975,0.62282,0.61943,0.59133,0.18899,2.96444,1.12254,1.44832,0.00136334,0.00136334,0.00136334
370,944.274,1.38522,0.61125,0.88374,0.79499,0.48538,0.59308,0.19565,3.07444,1.34148,1.47541,0.00136251,0.00136251,0.00136251
371,946.821,1.42372,0.63467,0.85902,0.9141,0.625,0.64078,0.20663,2.93005,1.22686,1.39643,0.00136169,0.00136169,0.00136169
372,949.344,1.40096,0.61122,0.87544,0.83369,0.66667,0.67297,0.22038,2.86267,1.15955,1.3399,0.00136086,0.00136086,0.00136086
373,951.886,1.48889,0.63321,0.88314,0.8305,0.66667,0.67703,0.18763,2.96444,1.18195,1.36129,0.00136004,0.00136004,0.00136004
374,954.402,1.3744,0.60394,0.8742,0.68116,0.5,0.51062,0.1535,3.09666,1.30363,1.46099,0.00135921,0.00135921,0.00135921
375,956.889,1.33697,0.59586,0.86368,0.74621,0.49053,0.51993,0.12868,3.24583,1.39105,1.55655,0.00135839,0.00135839,0.00135839
376,959.406,1.26929,0.58729,0.87062,0.61088,0.54167,0.54624,0.13449,3.12105,1.28176,1.4657,0.00135756,0.00135756,0.00135756
377,961.887,1.25653,0.55326,0.81252,0.49405,0.45833,0.41827,0.12124,3.21506,1.215,1.48447,0.00135674,0.00135674,0.00135674
378,964.376,1.32665,0.58863,0.85773,0.52791,0.5,0.45502,0.12473,3.13653,1.19826,1.48019,0.00135591,0.00135591,0.00135591
379,966.917,1.45364,0.63556,0.88418,0.77188,0.70833,0.70768,0.16089,3.0434,1.07616,1.44213,0.00135509,0.00135509,0.00135509
380,969.409,1.42008,0.64219,0.86811,0.5422,0.5,0.42798,0.12847,3.21453,1.17494,1.52311,0.00135426,0.00135426,0.00135426
381,971.929,1.31944,0.60552,0.86392,0.76788,0.5,0.54994,0.1485,3.1669,1.29408,1.49838,0.00135344,0.00135344,0.00135344
382,974.558,1.26303,0.60704,0.81108,0.65841,0.58333,0.55316,0.14015,3.11608,1.27689,1.48484,0.00135261,0.00135261,0.00135261
383,977.053,1.44523,0.61485,0.87128,0.70297,0.625,0.65235,0.19082,2.9269,1.21543,1.3905,0.00135179,0.00135179,0.00135179
384,979.572,1.38488,0.6179,0.85741,0.6955,0.66621,0.62545,0.19515,2.95139,1.13116,1.41073,0.00135096,0.00135096,0.00135096
385,982.048,1.29919,0.5584,0.82489,0.80624,0.58333,0.60974,0.20244,2.8659,1.16761,1.3631,0.00135014,0.00135014,0.00135014
386,984.548,1.26279,0.59449,0.8638,0.72434,0.58333,0.56811,0.19385,2.8377,1.3753,1.34446,0.00134931,0.00134931,0.00134931
387,987.054,1.33477,0.60288,0.84291,0.74579,0.625,0.59182,0.18383,2.84781,1.42447,1.33794,0.00134849,0.00134849,0.00134849
388,989.587,1.42392,0.62713,0.88713,0.6922,0.58333,0.56511,0.18345,2.84361,1.48376,1.3064,0.00134766,0.00134766,0.00134766
389,992.085,1.32688,0.59709,0.83637,0.74395,0.625,0.60169,0.19194,2.78901,1.31921,1.29242,0.00134684,0.00134684,0.00134684
390,994.597,1.44252,0.62613,0.87491,0.67993,0.6198,0.61098,0.17065,2.98087,1.33625,1.4151,0.00134601,0.00134601,0.00134601
391,997.103,1.34192,0.59025,0.85348,0.67787,0.625,0.63299,0.20462,2.93869,1.1841,1.34335,0.00134519,0.00134519,0.00134519
392,999.669,1.39304,0.58505,0.8749,0.62922,0.70712,0.67598,0.17073,3.09049,1.18483,1.37791,0.00134436,0.00134436,0.00134436
393,1002.2,1.2977,0.56696,0.86634,0.69811,0.58333,0.62434,0.17839,3.00284,1.18073,1.37177,0.00134354,0.00134354,0.00134354
394,1004.71,1.28164,0.58079,0.86439,0.69702,0.57547,0.58756,0.18479,3.08413,1.29967,1.43312,0.00134271,0.00134271,0.00134271
395,1007.29,1.36201,0.61763,0.86684,0.7288,0.58333,0.60964,0.16848,3.14033,1.19412,1.45384,0.00134188,0.00134188,0.00134188
396,1009.87,1.30587,0.63537,0.81668,0.72286,0.625,0.6139,0.1607,3.12218,1.25117,1.51106,0.00134106,0.00134106,0.00134106
397,1012.37,1.25952,0.55671,0.82602,0.70754,0.50424,0.56438,0.14873,3.08703,1.23609,1.47151,0.00134023,0.00134023,0.00134023
398,1014.89,1.34073,0.59623,0.84825,0.7049,0.49777,0.51569,0.15624,3.00991,1.31045,1.40522,0.00133941,0.00133941,0.00133941
399,1017.43,1.36527,0.62508,0.88833,0.70273,0.625,0.68697,0.1841,2.95528,1.2683,1.41615,0.00133858,0.00133858,0.00133858
400,1019.92,1.42762,0.61413,0.91331,0.7031,0.58333,0.62038,0.17161,3.06812,1.60226,1.44887,0.00133776,0.00133776,0.00133776
401,1022.52,1.3794,0.5955,0.86165,0.80878,0.54167,0.63016,0.21941,2.90571,1.35687,1.38726,0.00133693,0.00133693,0.00133693
402,1025.06,1.36924,0.62758,0.87302,0.7484,0.54167,0.5779,0.20997,3.00784,1.26951,1.46439,0.00133611,0.00133611,0.00133611
403,1027.6,1.33263,0.63063,0.8624,0.60009,0.58333,0.56815,0.15397,2.94398,1.17548,1.43379,0.00133528,0.00133528,0.00133528
404,1030.15,1.3317,0.60782,0.87073,0.57328,0.54167,0.49893,0.14061,3.07001,1.23616,1.54667,0.00133446,0.00133446,0.00133446
405,1032.69,1.37991,0.59349,0.84182,0.68138,0.62381,0.60285,0.17095,2.98152,1.14436,1.50639,0.00133363,0.00133363,0.00133363
406,1035.24,1.31755,0.5845,0.86086,0.76415,0.54009,0.56053,0.14776,3.10146,1.27158,1.49909,0.00133281,0.00133281,0.00133281
407,1037.75,1.46328,0.64822,0.86948,0.59876,0.49755,0.51654,0.17828,3.068,1.21355,1.47848,0.00133198,0.00133198,0.00133198
408,1040.3,1.32333,0.59625,0.86532,0.758,0.66667,0.70137,0.20021,3.05665,1.09528,1.481,0.00133116,0.00133116,0.00133116
409,1042.84,1.28522,0.67085,0.81434,0.63211,0.54167,0.57228,0.17,3.07389,1.16267,1.47613,0.00133033,0.00133033,0.00133033
410,1045.32,1.36059,0.60605,0.85631,0.61738,0.54167,0.56007,0.17126,3.07991,1.30978,1.47258,0.00132951,0.00132951,0.00132951
411,1047.83,1.38682,0.60823,0.88218,0.39793,0.33333,0.32873,0.11781,3.22868,1.38316,1.5227,0.00132868,0.00132868,0.00132868
412,1050.41,1.34892,0.61696,0.87457,0.57318,0.5,0.45803,0.13589,3.20558,1.31347,1.5262,0.00132786,0.00132786,0.00132786
413,1052.87,1.31012,0.61079,0.8074,0.57766,0.45833,0.43581,0.1433,3.13352,1.3026,1.48285,0.00132703,0.00132703,0.00132703
414,1055.38,1.28421,0.57531,0.80795,0.60214,0.58333,0.59042,0.16645,3.0962,1.23663,1.44822,0.00132621,0.00132621,0.00132621
415,1057.91,1.27504,0.57425,0.81816,0.65975,0.58333,0.57333,0.16936,2.96376,1.1691,1.39763,0.00132538,0.00132538,0.00132538
416,1060.46,1.36024,0.61555,0.8703,0.70504,0.625,0.60292,0.16499,3.01236,1.25072,1.40915,0.00132456,0.00132456,0.00132456
417,1062.94,1.23643,0.56621,0.81257,0.62004,0.625,0.59937,0.16228,3.05114,1.21781,1.42346,0.00132373,0.00132373,0.00132373
418,1065.49,1.31585,0.58066,0.85591,0.61805,0.58333,0.59512,0.18959,2.94124,1.11013,1.3919,0.00132291,0.00132291,0.00132291
419,1068.05,1.345,0.58309,0.86666,0.61768,0.53869,0.57459,0.18094,3.0123,1.14391,1.43083,0.00132208,0.00132208,0.00132208
420,1070.6,1.37771,0.81445,0.88433,0.61386,0.66255,0.61454,0.18333,2.89769,1.20071,1.3824,0.00132126,0.00132126,0.00132126
421,1073.24,1.3168,0.60764,0.86641,0.7483,0.58333,0.62713,0.18683,2.89654,1.29402,1.37071,0.00132043,0.00132043,0.00132043
422,1075.81,1.33333,0.6125,0.85431,0.82216,0.54167,0.6182,0.18406,2.79745,1.1444,1.31598,0.00131961,0.00131961,0.00131961
423,1078.34,1.32628,0.58734,0.84695,0.72708,0.58333,0.54938,0.19517,2.83641,1.2503,1.35303,0.00131878,0.00131878,0.00131878
424,1080.87,1.3866,0.61092,0.85241,0.77288,0.56774,0.54647,0.18464,2.8536,1.34069,1.34454,0.00131796,0.00131796,0.00131796
425,1083.37,1.3979,0.59917,0.88307,0.62917,0.58333,0.50767,0.14573,3.00194,1.37528,1.3889,0.00131713,0.00131713,0.00131713
426,1085.84,1.30112,0.58406,0.86116,0.71424,0.54167,0.53896,0.15992,2.90913,1.49832,1.33172,0.0013163,0.0013163,0.0013163
427,1088.38,1.23247,0.55803,0.80439,0.747,0.61549,0.62843,0.18915,2.84367,1.42424,1.33646,0.00131548,0.00131548,0.00131548
428,1090.92,1.39863,0.5947,0.87103,0.69482,0.54167,0.59506,0.18521,2.89983,1.14903,1.39714,0.00131465,0.00131465,0.00131465
429,1093.42,1.36443,0.5932,0.85851,0.66055,0.58333,0.62162,0.20361,2.87009,1.10195,1.36733,0.00131383,0.00131383,0.00131383
430,1095.92,1.31293,0.59762,0.86901,0.5859,0.54167,0.5705,0.18885,2.97243,1.11975,1.41126,0.001313,0.001313,0.001313
431,1098.43,1.30894,0.59139,0.86762,0.6074,0.5,0.50117,0.16824,3.01393,1.16561,1.45816,0.00131218,0.00131218,0.00131218
432,1101,1.29246,0.59215,0.8602,0.77187,0.58333,0.65957,0.18245,2.9082,1.16177,1.39487,0.00131135,0.00131135,0.00131135
433,1103.54,1.39637,0.60906,0.87073,0.66482,0.66667,0.60672,0.16869,2.88501,1.12698,1.37807,0.00131053,0.00131053,0.00131053
434,1106.02,1.35234,0.60161,0.8571,0.70324,0.70833,0.63236,0.18166,2.792,1.04827,1.33737,0.0013097,0.0013097,0.0013097
435,1108.49,1.38863,0.592,0.87064,0.77149,0.70357,0.67157,0.18193,2.77832,1.11394,1.29252,0.00130888,0.00130888,0.00130888
436,1111.04,1.36426,0.58773,0.86444,0.81687,0.74369,0.69958,0.20614,2.81333,1.19387,1.29812,0.00130805,0.00130805,0.00130805
437,1113.54,1.387,0.59831,0.85142,0.89914,0.74318,0.81995,0.23484,2.87458,1.20631,1.35453,0.00130723,0.00130723,0.00130723
438,1116.04,1.30133,0.57808,0.85771,0.78357,0.66667,0.72752,0.2132,2.88945,1.16669,1.36177,0.0013064,0.0013064,0.0013064
439,1118.54,1.37255,0.6814,0.83778,0.57544,0.70833,0.73017,0.20536,3.01136,1.09667,1.42473,0.00130558,0.00130558,0.00130558
440,1121.12,1.33085,0.5872,0.86071,0.74207,0.75,0.70795,0.19193,2.87828,0.98624,1.39888,0.00130475,0.00130475,0.00130475
441,1123.78,1.33652,0.62177,0.85583,0.65424,0.66667,0.60986,0.19207,2.90021,0.99214,1.41547,0.00130393,0.00130393,0.00130393
442,1126.27,1.31449,0.61325,0.85244,0.83204,0.82592,0.77854,0.22236,2.74766,0.93699,1.35456,0.0013031,0.0013031,0.0013031
443,1128.77,1.34086,0.59913,0.85551,0.84567,0.75,0.79119,0.23015,2.73607,0.98231,1.34142,0.00130228,0.00130228,0.00130228
444,1131.33,1.36968,0.61096,0.85439,0.82304,0.83333,0.79557,0.23951,2.75667,0.94352,1.35135,0.00130145,0.00130145,0.00130145
445,1133.84,1.21519,0.54182,0.8062,0.77853,0.79167,0.79375,0.26565,2.68621,0.91961,1.32604,0.00130063,0.00130063,0.00130063
446,1136.35,1.31057,0.56053,0.86792,0.84514,0.70833,0.7296,0.22493,2.87502,1.06326,1.41388,0.0012998,0.0012998,0.0012998
447,1138.83,1.33601,0.5824,0.87711,0.75631,0.66667,0.68501,0.19767,2.92157,1.04628,1.40492,0.00129898,0.00129898,0.00129898
448,1141.39,1.29643,0.57716,0.84704,0.70277,0.69006,0.64479,0.20063,2.87037,1.00655,1.37919,0.00129815,0.00129815,0.00129815
449,1143.84,1.20256,0.56133,0.80739,0.70202,0.68759,0.66811,0.19862,2.83125,1.0218,1.37702,0.00129733,0.00129733,0.00129733
450,1146.36,1.3501,0.58402,0.84598,0.64138,0.54167,0.6332,0.18938,2.91316,1.23378,1.40304,0.0012965,0.0012965,0.0012965
451,1148.92,1.33314,0.5858,0.85413,0.80622,0.58333,0.6873,0.20452,2.81788,1.25112,1.41668,0.00129568,0.00129568,0.00129568
452,1151.45,1.35009,0.6046,0.86361,0.48141,0.58333,0.5395,0.18913,2.88379,1.16859,1.47307,0.00129485,0.00129485,0.00129485
453,1153.97,1.35658,0.61458,0.85913,0.65719,0.58333,0.53786,0.19563,2.88092,1.05062,1.44836,0.00129403,0.00129403,0.00129403
454,1156.47,1.21275,0.5665,0.81202,0.79002,0.70833,0.69326,0.2206,2.82472,1.00918,1.40053,0.0012932,0.0012932,0.0012932
455,1159.05,1.37214,0.58318,0.85189,0.72063,0.66667,0.65833,0.22801,2.7522,0.92167,1.3504,0.00129238,0.00129238,0.00129238
456,1161.66,1.29437,0.5845,0.85752,0.85527,0.75,0.79304,0.23596,2.7122,0.92409,1.30087,0.00129155,0.00129155,0.00129155
457,1164.14,1.38518,0.59354,0.8844,0.79391,0.70833,0.7589,0.2502,2.72456,0.95099,1.3055,0.00129072,0.00129072,0.00129072
458,1166.69,1.25464,0.56003,0.8515,0.77987,0.75,0.79954,0.2313,2.86468,1.04524,1.37449,0.0012899,0.0012899,0.0012899
459,1169.22,1.21962,0.55153,0.81005,0.71329,0.54167,0.56277,0.18559,2.9887,1.12621,1.45847,0.00128907,0.00128907,0.00128907
460,1171.83,1.25289,0.56555,0.81761,0.84261,0.70833,0.7283,0.19864,2.77072,1.12911,1.32593,0.00128825,0.00128825,0.00128825
461,1174.28,1.31839,0.6345,0.86812,0.8713,0.58333,0.64724,0.18846,2.895,1.19182,1.39762,0.00128742,0.00128742,0.00128742
462,1176.79,1.29899,0.58098,0.86164,0.69373,0.66667,0.64254,0.20082,2.8907,1.10701,1.46021,0.0012866,0.0012866,0.0012866
463,1179.24,1.32672,0.5931,0.84961,0.79858,0.66667,0.64095,0.18633,2.88065,1.07789,1.49298,0.00128577,0.00128577,0.00128577
464,1181.92,1.45356,0.63515,0.87446,0.84825,0.69908,0.71015,0.20081,2.85443,1.04512,1.4484,0.00128495,0.00128495,0.00128495
465,1184.43,1.27924,0.58373,0.85426,0.89234,0.75,0.7034,0.20051,2.77643,1.00795,1.39626,0.00128412,0.00128412,0.00128412
466,1186.94,1.42149,0.62018,0.891,0.85572,0.79167,0.73067,0.21396,2.69099,1.11841,1.31345,0.0012833,0.0012833,0.0012833
467,1189.48,1.35138,0.58466,0.85913,0.78651,0.66667,0.59923,0.19717,2.77735,1.15952,1.33495,0.00128247,0.00128247,0.00128247
468,1192.03,1.31238,0.57927,0.85441,0.79767,0.58333,0.58563,0.19365,2.84588,1.15685,1.36545,0.00128165,0.00128165,0.00128165
469,1194.57,1.27509,0.55673,0.84733,0.72781,0.44625,0.4504,0.16165,3.04317,1.29686,1.47938,0.00128082,0.00128082,0.00128082
470,1197.15,1.2889,0.58352,0.84366,0.748,0.375,0.40994,0.1582,2.9977,1.28789,1.45934,0.00128,0.00128,0.00128
471,1199.68,1.25432,0.55922,0.8389,0.64823,0.53767,0.55829,0.18086,2.95531,1.19397,1.45366,0.00127917,0.00127917,0.00127917
472,1202.19,1.28893,0.57833,0.8482,0.65789,0.58333,0.56295,0.18359,2.89846,1.02587,1.43651,0.00127835,0.00127835,0.00127835
473,1204.69,1.29875,0.57584,0.84938,0.65863,0.58333,0.56476,0.17202,2.9292,0.99904,1.41548,0.00127752,0.00127752,0.00127752
474,1207.21,1.26726,0.59359,0.84716,0.70527,0.625,0.62923,0.19516,2.93329,0.97142,1.42934,0.0012767,0.0012767,0.0012767
475,1209.66,1.25543,0.58234,0.84421,0.65775,0.58333,0.58037,0.19898,2.8647,0.97217,1.3742,0.00127587,0.00127587,0.00127587
476,1212.21,1.36473,0.61072,0.88218,0.70727,0.625,0.60633,0.18132,2.90679,1.1348,1.38293,0.00127505,0.00127505,0.00127505
477,1214.81,1.33755,0.61756,0.83755,0.68029,0.625,0.59537,0.18451,2.89569,1.22803,1.39502,0.00127422,0.00127422,0.00127422
478,1217.42,1.32631,0.59072,0.8659,0.80394,0.51315,0.62591,0.1818,2.94325,1.20625,1.42827,0.0012734,0.0012734,0.0012734
479,1219.98,1.32229,0.59587,0.85476,0.6463,0.625,0.63883,0.19905,2.93795,1.27181,1.38628,0.00127257,0.00127257,0.00127257
480,1222.53,1.36111,0.60148,0.85423,0.64124,0.625,0.66344,0.19107,2.94682,1.24054,1.41372,0.00127175,0.00127175,0.00127175
481,1225.09,1.33187,0.55656,0.86652,0.84424,0.45833,0.57534,0.16198,3.03679,1.30518,1.47082,0.00127092,0.00127092,0.00127092
482,1227.74,1.18834,0.56115,0.79949,0.63887,0.45833,0.53642,0.19297,2.89885,1.2512,1.42004,0.0012701,0.0012701,0.0012701
483,1230.22,1.29936,0.55829,0.87553,0.85838,0.33333,0.49951,0.18795,2.98759,1.23512,1.48712,0.00126927,0.00126927,0.00126927
484,1232.82,1.48618,0.61751,0.88842,0.77877,0.54167,0.6314,0.22132,2.8774,1.18642,1.44016,0.00126845,0.00126845,0.00126845
485,1235.34,1.26413,0.55853,0.83084,0.65287,0.7054,0.69344,0.21138,2.81874,1.22885,1.36407,0.00126762,0.00126762,0.00126762
486,1237.83,1.21877,0.57334,0.81802,0.71219,0.61889,0.67677,0.18988,2.85953,1.18511,1.39398,0.00126679,0.00126679,0.00126679
487,1240.34,1.25878,0.56046,0.85747,0.72777,0.58333,0.6038,0.15218,2.95963,1.18912,1.4937,0.00126597,0.00126597,0.00126597
488,1242.88,1.25572,0.58116,0.85736,0.58633,0.5,0.45675,0.15197,3.03416,1.3331,1.562,0.00126514,0.00126514,0.00126514
489,1245.45,1.26253,0.57288,0.84482,0.61954,0.61104,0.5135,0.17498,2.91911,1.19552,1.47489,0.00126432,0.00126432,0.00126432
490,1248.05,1.30715,0.57743,0.85835,0.62252,0.61865,0.53027,0.18717,2.90873,1.1788,1.46603,0.00126349,0.00126349,0.00126349
491,1250.62,1.28813,0.56896,0.84765,0.69108,0.45833,0.5504,0.20597,2.96351,1.21113,1.52494,0.00126267,0.00126267,0.00126267
492,1253.16,1.2264,0.54954,0.84768,0.60889,0.41667,0.43753,0.17051,3.03418,1.17095,1.57284,0.00126184,0.00126184,0.00126184
493,1255.65,1.28102,0.60458,0.85321,0.5548,0.41667,0.39417,0.13038,3.14685,1.16767,1.58508,0.00126102,0.00126102,0.00126102
494,1258.2,1.33975,0.61784,0.84365,0.5608,0.5,0.51002,0.13661,3.19556,1.15105,1.61231,0.00126019,0.00126019,0.00126019
495,1260.71,1.34477,0.57198,0.85774,0.56047,0.45833,0.45863,0.15024,3.18759,1.14634,1.62359,0.00125937,0.00125937,0.00125937
496,1263.27,1.31026,0.56346,0.85744,0.59934,0.43689,0.49237,0.15189,3.17743,1.15479,1.59273,0.00125854,0.00125854,0.00125854
497,1265.79,1.28624,0.5658,0.85175,0.73245,0.5,0.52928,0.1781,3.0908,1.1873,1.53685,0.00125772,0.00125772,0.00125772
498,1268.32,1.26259,0.57122,0.84007,0.69079,0.5,0.48927,0.17036,3.1275,1.20398,1.52174,0.00125689,0.00125689,0.00125689
499,1270.84,1.27584,0.58325,0.8419,0.76656,0.58333,0.60997,0.18401,3.05933,1.1354,1.48459,0.00125607,0.00125607,0.00125607
500,1273.4,1.2167,0.54718,0.84999,0.73429,0.57606,0.58671,0.16977,3.03897,1.11518,1.44187,0.00125524,0.00125524,0.00125524
501,1275.91,1.18401,0.53849,0.7947,0.74406,0.625,0.59543,0.16325,3.09693,1.0948,1.461,0.00125442,0.00125442,0.00125442
502,1278.47,1.24526,0.55401,0.83771,0.69992,0.58333,0.55104,0.187,3.02718,1.06599,1.45539,0.00125359,0.00125359,0.00125359
503,1281.07,1.29711,0.5802,0.84425,0.52295,0.375,0.35023,0.14572,3.08051,1.18645,1.49788,0.00125277,0.00125277,0.00125277
504,1283.6,1.37261,0.60367,0.8582,0.63777,0.41667,0.39661,0.15308,3.07503,1.25893,1.52931,0.00125194,0.00125194,0.00125194
505,1286.15,1.26919,0.57578,0.85337,0.62926,0.5,0.47996,0.13746,3.08592,1.33505,1.49069,0.00125112,0.00125112,0.00125112
506,1288.68,1.35888,0.57959,0.8496,0.55847,0.5,0.4313,0.12527,3.11885,1.28881,1.49614,0.00125029,0.00125029,0.00125029
507,1291.16,1.28218,0.61239,0.86591,0.51629,0.45833,0.42637,0.11478,3.15616,1.20679,1.51267,0.00124947,0.00124947,0.00124947
508,1293.71,1.18958,0.54845,0.85277,0.55524,0.58333,0.51914,0.13827,3.13327,1.14613,1.52672,0.00124864,0.00124864,0.00124864
509,1296.21,1.25244,0.54208,0.85012,0.62361,0.625,0.57194,0.16788,3.0378,1.09702,1.50831,0.00124782,0.00124782,0.00124782
510,1298.84,1.21181,0.55511,0.84716,0.74191,0.75,0.73776,0.21023,2.95792,1.05093,1.48492,0.00124699,0.00124699,0.00124699
511,1301.37,1.21253,0.54098,0.86323,0.7582,0.78418,0.73427,0.22832,2.79382,0.98106,1.40271,0.00124617,0.00124617,0.00124617
512,1303.83,1.28005,0.54518,0.85125,0.66597,0.74772,0.61587,0.19012,2.84494,1.02313,1.40116,0.00124534,0.00124534,0.00124534
513,1306.32,1.30746,0.56492,0.85629,0.68789,0.79167,0.64848,0.19214,2.86577,1.09346,1.4231,0.00124452,0.00124452,0.00124452
514,1308.83,1.26515,0.57837,0.83935,0.56514,0.70409,0.50514,0.16662,2.94373,1.17017,1.46134,0.00124369,0.00124369,0.00124369
515,1311.38,1.28032,0.58672,0.85138,0.48424,0.45833,0.3746,0.12356,3.14597,1.25625,1.55334,0.00124287,0.00124287,0.00124287
516,1313.96,1.36136,0.60964,0.849,0.61792,0.625,0.50974,0.14447,3.06161,1.29306,1.4741,0.00124204,0.00124204,0.00124204
517,1316.52,1.29985,0.57018,0.85768,0.58625,0.54167,0.44063,0.12647,3.14971,1.39281,1.50255,0.00124121,0.00124121,0.00124121
518,1319,1.25331,0.57285,0.85447,0.55219,0.375,0.35228,0.1236,3.18936,1.41692,1.54442,0.00124039,0.00124039,0.00124039
519,1321.51,1.28976,0.57631,0.8521,0.47698,0.5,0.41062,0.14076,3.11893,1.30095,1.54079,0.00123956,0.00123956,0.00123956
520,1324.03,1.24488,0.56129,0.84427,0.40876,0.43248,0.36184,0.14128,3.17567,1.46967,1.53918,0.00123874,0.00123874,0.00123874
521,1326.61,1.31872,0.56628,0.89458,0.70577,0.41667,0.54962,0.16683,3.11603,1.2856,1.53996,0.00123791,0.00123791,0.00123791
522,1329.11,1.2244,0.54603,0.8342,0.56791,0.5,0.5253,0.16535,3.03454,1.24453,1.51799,0.00123709,0.00123709,0.00123709
523,1331.61,1.28293,0.5715,0.8491,0.49031,0.41667,0.35911,0.13703,3.09036,1.31362,1.5375,0.00123626,0.00123626,0.00123626
524,1334.1,1.23752,0.54666,0.85506,0.57519,0.62072,0.52149,0.15678,3.04318,1.29524,1.50838,0.00123544,0.00123544,0.00123544
525,1336.64,1.29458,0.57217,0.86644,0.52371,0.54167,0.41974,0.14021,3.00219,1.42195,1.48399,0.00123461,0.00123461,0.00123461
526,1339.21,1.25964,0.5657,0.85126,0.51807,0.54167,0.39354,0.13137,3.06449,1.86529,1.50835,0.00123379,0.00123379,0.00123379
527,1341.77,1.26108,0.57712,0.84744,0.57241,0.625,0.51616,0.16126,2.9409,1.38295,1.4638,0.00123296,0.00123296,0.00123296
528,1344.28,1.2488,0.55828,0.86363,0.64975,0.70833,0.56659,0.16542,2.99777,1.13054,1.50007,0.00123214,0.00123214,0.00123214
529,1346.8,1.30908,0.58207,0.86559,0.64236,0.66667,0.54093,0.16373,3.00406,1.2114,1.48141,0.00123131,0.00123131,0.00123131
530,1349.38,1.22754,0.55288,0.84719,0.71426,0.7295,0.60782,0.16837,2.92228,1.16355,1.42605,0.00123049,0.00123049,0.00123049
531,1351.93,1.3016,0.56648,0.86453,0.69034,0.74335,0.58775,0.15105,2.95861,1.14549,1.46768,0.00122966,0.00122966,0.00122966
532,1354.48,1.2973,0.58783,0.85156,0.55347,0.5,0.38537,0.13736,3.04706,1.40457,1.49617,0.00122884,0.00122884,0.00122884
533,1357.02,1.31063,0.58702,0.87228,0.80831,0.70303,0.62194,0.16604,3.00467,1.26502,1.48663,0.00122801,0.00122801,0.00122801
534,1359.55,1.21551,0.56503,0.83892,0.77031,0.70833,0.68716,0.19848,2.9115,1.10078,1.44024,0.00122719,0.00122719,0.00122719
535,1362.09,1.35494,0.58326,0.85209,0.79933,0.66401,0.69402,0.19061,2.90608,1.08007,1.45251,0.00122636,0.00122636,0.00122636
536,1364.66,1.32373,0.59542,0.84845,0.65569,0.75,0.712,0.22206,2.87136,1.06343,1.44007,0.00122554,0.00122554,0.00122554
537,1367.2,1.34742,0.63158,0.84103,0.64984,0.75,0.6639,0.21035,2.81429,1.02848,1.41353,0.00122471,0.00122471,0.00122471
538,1369.75,1.27174,0.57317,0.8659,0.64426,0.70833,0.59305,0.21938,2.73359,1.01184,1.37788,0.00122389,0.00122389,0.00122389
539,1372.35,1.13212,0.56261,0.7904,0.67738,0.70833,0.60337,0.21551,2.78389,1.01557,1.39212,0.00122306,0.00122306,0.00122306
540,1374.84,1.18332,0.54412,0.80061,0.59098,0.66667,0.52972,0.20202,2.75996,1.00839,1.35857,0.00122224,0.00122224,0.00122224
541,1377.36,1.33789,0.5621,0.84702,0.64605,0.70833,0.67115,0.19744,2.77562,1.01698,1.34594,0.00122141,0.00122141,0.00122141
542,1379.95,1.32855,0.588,0.86824,0.68978,0.79167,0.76287,0.2176,2.74734,1.0277,1.33789,0.00122059,0.00122059,0.00122059
543,1382.48,1.31576,0.59661,0.84637,0.76107,0.66375,0.71484,0.19461,2.8577,1.00376,1.37214,0.00121976,0.00121976,0.00121976
544,1385.08,1.29457,0.80655,0.84225,0.67752,0.78799,0.68304,0.1673,2.88635,1.10629,1.39337,0.00121894,0.00121894,0.00121894
545,1387.6,1.26472,0.58513,0.85424,0.63281,0.66667,0.59103,0.13576,2.9887,1.14797,1.43591,0.00121811,0.00121811,0.00121811
546,1390.18,1.28327,0.57728,0.87327,0.70533,0.69848,0.57143,0.13733,2.92327,1.11113,1.43368,0.00121729,0.00121729,0.00121729
547,1392.66,1.24921,0.5553,0.85609,0.74627,0.75,0.57159,0.14936,2.88951,1.06152,1.4413,0.00121646,0.00121646,0.00121646
548,1395.22,1.25136,0.54684,0.85353,0.55696,0.54167,0.45723,0.16329,3.10799,1.28568,1.53802,0.00121563,0.00121563,0.00121563
549,1397.75,1.15782,0.53837,0.78515,0.52259,0.45833,0.4532,0.16028,3.13944,1.40912,1.52771,0.00121481,0.00121481,0.00121481
550,1400.31,1.22217,0.52702,0.83726,0.58777,0.41592,0.48201,0.17125,3.06112,1.47716,1.42631,0.00121398,0.00121398,0.00121398
551,1402.78,1.17251,0.56409,0.83997,0.68849,0.5,0.57006,0.17162,2.96312,1.36702,1.37796,0.00121316,0.00121316,0.00121316
552,1405.32,1.25912,0.60213,0.85873,0.63479,0.45833,0.43254,0.13619,2.99958,1.23215,1.43389,0.00121233,0.00121233,0.00121233
553,1407.82,1.29911,0.59153,0.85745,0.54285,0.41667,0.46713,0.15283,3.01183,1.22185,1.46972,0.00121151,0.00121151,0.00121151
554,1410.38,1.23447,0.53505,0.84929,0.53501,0.5,0.51331,0.17327,2.89652,1.28088,1.43374,0.00121068,0.00121068,0.00121068
555,1412.91,1.22925,0.56755,0.83953,0.596,0.625,0.55079,0.16893,2.94205,1.24485,1.45743,0.00120986,0.00120986,0.00120986
556,1415.48,1.26444,0.55288,0.84706,0.72045,0.66667,0.66377,0.18636,2.90596,1.06341,1.44531,0.00120903,0.00120903,0.00120903
557,1418.13,1.32616,0.59251,0.86306,0.73841,0.70581,0.72045,0.20132,2.91885,1.03706,1.41331,0.00120821,0.00120821,0.00120821
558,1420.69,1.24021,0.56155,0.85958,0.71943,0.74797,0.68349,0.19169,2.87976,1.02396,1.39132,0.00120738,0.00120738,0.00120738
559,1423.17,1.16551,0.52741,0.80301,0.71659,0.73783,0.64214,0.19585,2.86577,1.05265,1.43026,0.00120656,0.00120656,0.00120656
560,1425.79,1.24835,0.58881,0.83975,0.52529,0.45833,0.49407,0.17133,2.95946,1.28526,1.51069,0.00120573,0.00120573,0.00120573
561,1428.3,1.26054,0.56434,0.86652,0.54935,0.625,0.56293,0.1618,2.93212,1.09758,1.47637,0.00120491,0.00120491,0.00120491
562,1430.83,1.28295,0.59941,0.85776,0.7022,0.78616,0.69401,0.18004,2.95327,1.01915,1.48539,0.00120408,0.00120408,0.00120408
563,1433.33,1.24317,0.58073,0.82729,0.77707,0.75,0.73854,0.20011,2.91375,1.0447,1.45203,0.00120326,0.00120326,0.00120326
564,1435.86,1.19152,0.54769,0.80752,0.68693,0.66667,0.63668,0.19642,2.89036,1.01953,1.4481,0.00120243,0.00120243,0.00120243
565,1438.34,1.27606,0.56875,0.84814,0.66424,0.66667,0.54449,0.19083,2.91554,0.96675,1.4579,0.00120161,0.00120161,0.00120161
566,1440.87,1.28223,0.54938,0.86692,0.70458,0.70833,0.59111,0.19809,2.86906,0.89264,1.44266,0.00120078,0.00120078,0.00120078
567,1443.39,1.28829,0.58043,0.84478,0.56801,0.625,0.47211,0.14835,3.0956,0.9746,1.52626,0.00119996,0.00119996,0.00119996
568,1445.9,1.31529,0.57839,0.85253,0.55984,0.58297,0.48779,0.14173,3.18341,1.03192,1.56385,0.00119913,0.00119913,0.00119913
569,1448.38,1.23163,0.55158,0.84808,0.53628,0.625,0.4784,0.15507,3.16872,1.02215,1.58406,0.00119831,0.00119831,0.00119831
570,1450.86,1.22255,0.55426,0.852,0.5504,0.625,0.51186,0.16386,3.09861,1.05769,1.56925,0.00119748,0.00119748,0.00119748
571,1453.37,1.23491,0.55636,0.84375,0.55301,0.625,0.54271,0.17496,2.97838,1.13546,1.48263,0.00119666,0.00119666,0.00119666
572,1455.95,1.29328,0.57796,0.85096,0.59591,0.61478,0.54126,0.16825,3.04453,1.24235,1.53381,0.00119583,0.00119583,0.00119583
573,1458.46,1.28533,0.56322,0.85071,0.59587,0.625,0.5372,0.16614,3.01415,1.14511,1.52464,0.00119501,0.00119501,0.00119501
574,1461.13,1.24283,0.54543,0.861,0.60378,0.63524,0.52282,0.14988,3.1335,1.10946,1.57484,0.00119418,0.00119418,0.00119418
575,1463.66,1.25247,0.54694,0.84891,0.67443,0.70833,0.55137,0.14213,3.01425,1.00021,1.47537,0.00119336,0.00119336,0.00119336
576,1466.24,1.22687,0.55499,0.83549,0.65561,0.66667,0.60229,0.15591,3.12194,0.99955,1.54126,0.00119253,0.00119253,0.00119253
577,1468.77,1.136,0.52559,0.79281,0.65285,0.66667,0.5695,0.15185,3.13998,1.04863,1.54807,0.0011917,0.0011917,0.0011917
578,1471.3,1.28659,0.58449,0.8555,0.5522,0.58333,0.49764,0.12781,3.20709,1.2145,1.58975,0.00119088,0.00119088,0.00119088
579,1473.8,1.23901,0.56701,0.83439,0.63446,0.375,0.39972,0.12,3.19236,1.3163,1.5809,0.00119005,0.00119005,0.00119005
580,1476.42,1.20257,0.55671,0.84663,0.70399,0.45833,0.47018,0.12369,3.09827,1.67304,1.49341,0.00118923,0.00118923,0.00118923
581,1478.95,1.27473,0.56068,0.8531,0.77814,0.66667,0.69145,0.17685,2.92496,1.75125,1.43532,0.0011884,0.0011884,0.0011884
582,1481.47,1.23312,0.55755,0.8438,0.67713,0.625,0.57143,0.17801,2.87526,1.85549,1.41564,0.00118758,0.00118758,0.00118758
583,1484.01,1.16362,0.52413,0.7948,0.79736,0.79167,0.72466,0.19236,2.91841,1.451,1.44938,0.00118675,0.00118675,0.00118675
584,1486.53,1.40704,0.69288,0.86133,0.77252,0.75,0.68209,0.18773,2.90338,1.11521,1.47048,0.00118593,0.00118593,0.00118593
585,1489.1,1.30083,0.60141,0.85912,0.82413,0.83333,0.79065,0.19372,2.91971,1.01078,1.48113,0.0011851,0.0011851,0.0011851
586,1491.62,1.24434,0.56395,0.85018,0.82479,0.78485,0.7405,0.16486,3.01027,0.96031,1.50924,0.00118428,0.00118428,0.00118428
587,1494.18,1.20368,0.53965,0.83555,0.71306,0.62141,0.54794,0.14044,3.22516,0.99034,1.62465,0.00118345,0.00118345,0.00118345
588,1496.69,1.26103,0.54989,0.84872,0.68062,0.58333,0.53787,0.15816,3.02313,0.97951,1.53556,0.00118263,0.00118263,0.00118263
589,1499.23,1.27951,0.56247,0.86694,0.6856,0.66667,0.61583,0.16754,3.0192,0.98755,1.53311,0.0011818,0.0011818,0.0011818
590,1501.76,1.21166,0.54509,0.85103,0.70956,0.66667,0.64357,0.17356,2.98283,0.98296,1.52997,0.00118098,0.00118098,0.00118098
591,1504.39,1.221,0.54367,0.85186,0.63441,0.45833,0.47869,0.152,3.07416,1.03986,1.59424,0.00118015,0.00118015,0.00118015
592,1506.95,1.19784,0.54502,0.84801,0.54183,0.45833,0.4115,0.13154,3.27197,1.09587,1.69605,0.00117933,0.00117933,0.00117933
593,1509.44,1.22667,0.53359,0.83193,0.60401,0.54167,0.50258,0.14202,3.22713,1.01535,1.65792,0.0011785,0.0011785,0.0011785
594,1511.96,1.34887,0.59316,0.86619,0.84574,0.457,0.46971,0.14678,3.1818,1.04304,1.62294,0.00117768,0.00117768,0.00117768
595,1514.48,1.27442,0.56729,0.82939,0.8042,0.41667,0.47079,0.14675,3.14725,1.14594,1.58108,0.00117685,0.00117685,0.00117685
596,1517.11,1.23757,0.5733,0.83981,0.64146,0.59677,0.5546,0.18583,2.91706,1.15967,1.46437,0.00117603,0.00117603,0.00117603
597,1519.62,1.18163,0.53674,0.83715,0.66027,0.5,0.52782,0.18521,2.86024,1.38066,1.40379,0.0011752,0.0011752,0.0011752
598,1522.12,1.26277,0.55861,0.83503,0.74603,0.54167,0.55953,0.1878,2.84433,1.30176,1.35046,0.00117438,0.00117438,0.00117438
599,1524.69,1.19591,0.55417,0.82763,0.74768,0.45833,0.48053,0.14672,3.11876,1.21386,1.53269,0.00117355,0.00117355,0.00117355
600,1527.25,1.19248,0.53545,0.8263,0.87346,0.57563,0.58078,0.185,3.05101,1.1079,1.49189,0.00117273,0.00117273,0.00117273
601,1529.81,1.2216,0.53252,0.83967,0.80394,0.54167,0.59559,0.17677,2.96389,1.12317,1.44539,0.0011719,0.0011719,0.0011719
602,1532.29,1.1993,0.53132,0.84427,0.6055,0.58333,0.47566,0.1671,2.95255,1.14993,1.42543,0.00117108,0.00117108,0.00117108
603,1534.79,1.20433,0.53272,0.84768,0.65137,0.5,0.43533,0.1603,2.97382,1.19321,1.43423,0.00117025,0.00117025,0.00117025
604,1537.38,1.29533,0.54097,0.8563,0.73715,0.70138,0.61662,0.20526,2.88247,1.01689,1.39761,0.00116943,0.00116943,0.00116943
605,1539.9,1.22854,0.53719,0.85034,0.63551,0.58333,0.49984,0.18366,2.9581,1.09255,1.43654,0.0011686,0.0011686,0.0011686
606,1542.43,1.08223,0.4871,0.78624,0.71429,0.54167,0.50542,0.17517,3.01358,1.15629,1.47183,0.00116778,0.00116778,0.00116778
607,1544.96,1.26463,0.55053,0.84132,0.55377,0.58333,0.48685,0.15987,3.08396,1.28327,1.47463,0.00116695,0.00116695,0.00116695
608,1547.56,1.15654,0.51675,0.80984,0.66897,0.54167,0.5616,0.15812,3.01792,1.32002,1.42936,0.00116612,0.00116612,0.00116612
609,1550.03,1.19452,0.53812,0.84007,0.64837,0.625,0.56645,0.15449,3.08142,1.23556,1.47996,0.0011653,0.0011653,0.0011653
610,1552.6,1.2286,0.56571,0.85423,0.60486,0.58333,0.52518,0.15069,3.12471,1.23441,1.5036,0.00116447,0.00116447,0.00116447
611,1555.14,1.22935,0.55107,0.85379,0.70405,0.70833,0.61376,0.16146,3.08935,1.05351,1.49367,0.00116365,0.00116365,0.00116365
612,1557.68,1.30507,0.55062,0.85237,0.74902,0.625,0.56682,0.1523,3.08225,1.0469,1.47102,0.00116282,0.00116282,0.00116282
613,1560.18,1.2127,0.53672,0.85835,0.66434,0.54167,0.45346,0.14951,3.08318,1.03889,1.47379,0.001162,0.001162,0.001162
614,1562.68,1.16085,0.54466,0.83801,0.6515,0.54167,0.47378,0.14134,3.18989,1.04897,1.55215,0.00116117,0.00116117,0.00116117
615,1565.21,1.27444,0.55605,0.85015,0.68859,0.54167,0.50106,0.15173,3.18671,1.00532,1.57566,0.00116035,0.00116035,0.00116035
616,1567.74,1.22945,0.53674,0.85667,0.72207,0.54128,0.55441,0.17503,3.06708,1.02135,1.51018,0.00115952,0.00115952,0.00115952
617,1570.33,1.2563,0.62776,0.85502,0.71064,0.54167,0.55028,0.17479,3.13136,1.10834,1.53933,0.0011587,0.0011587,0.0011587
618,1572.93,1.18907,0.53472,0.84904,0.69014,0.5,0.53572,0.17569,3.16648,1.07311,1.57387,0.00115787,0.00115787,0.00115787
619,1575.47,1.29404,0.57169,0.8423,0.70834,0.5,0.50732,0.16966,3.15436,1.04067,1.56966,0.00115705,0.00115705,0.00115705
620,1578.07,1.26689,0.56112,0.83992,0.57816,0.58333,0.52473,0.15448,3.16427,1.0622,1.55437,0.00115622,0.00115622,0.00115622
621,1580.62,1.19027,0.54588,0.85006,0.69159,0.66667,0.58124,0.15363,3.19689,1.07352,1.56509,0.0011554,0.0011554,0.0011554
622,1583.07,1.21143,0.53126,0.85241,0.59512,0.58333,0.49396,0.13401,3.19434,1.08862,1.58434,0.00115457,0.00115457,0.00115457
623,1585.53,1.25269,0.55513,0.84356,0.64813,0.66667,0.61157,0.15214,3.09851,1.03608,1.54712,0.00115375,0.00115375,0.00115375
624,1588.02,1.23957,0.55573,0.84709,0.66637,0.66667,0.58726,0.15741,3.17095,1.07395,1.59666,0.00115292,0.00115292,0.00115292
625,1590.54,1.23346,0.54977,0.84138,0.71924,0.70833,0.62762,0.18023,3.06568,1.05088,1.51973,0.0011521,0.0011521,0.0011521
626,1593.04,1.23432,0.55158,0.84779,0.64419,0.625,0.57073,0.16808,3.08322,1.04133,1.53627,0.00115127,0.00115127,0.00115127
627,1595.72,1.17629,0.53376,0.84623,0.70529,0.625,0.55736,0.16698,3.032,0.99478,1.52274,0.00115045,0.00115045,0.00115045
628,1598.26,1.11268,0.54287,0.7826,0.70139,0.45833,0.41867,0.13688,3.19641,1.11506,1.61317,0.00114962,0.00114962,0.00114962
629,1600.76,1.26213,0.55719,0.84242,0.70565,0.375,0.39731,0.13502,3.16565,1.21614,1.55996,0.0011488,0.0011488,0.0011488
630,1603.26,1.08125,0.50143,0.7865,0.50574,0.54167,0.44842,0.13599,3.18322,1.27409,1.57715,0.00114797,0.00114797,0.00114797
631,1605.86,1.18227,0.53069,0.84737,0.70533,0.54167,0.49274,0.15003,3.14145,1.14091,1.57139,0.00114715,0.00114715,0.00114715
632,1608.42,1.16305,0.5285,0.8592,0.57379,0.58333,0.49395,0.14756,3.15343,1.08406,1.56475,0.00114632,0.00114632,0.00114632
633,1610.93,1.2264,0.53453,0.8302,0.61068,0.66667,0.55732,0.16849,3.11037,1.02707,1.54121,0.0011455,0.0011455,0.0011455
634,1613.44,1.16907,0.52774,0.79907,0.64111,0.625,0.56335,0.17939,3.08849,1.01819,1.55124,0.00114467,0.00114467,0.00114467
635,1615.96,1.14895,0.61139,0.80661,0.66804,0.58333,0.54501,0.1915,2.98612,1.05173,1.51842,0.00114385,0.00114385,0.00114385
636,1618.58,1.22162,0.5497,0.8328,0.67058,0.66667,0.57988,0.19539,2.93612,1.04943,1.48088,0.00114302,0.00114302,0.00114302
637,1621.1,1.14015,0.5263,0.84089,0.7238,0.58333,0.54934,0.18701,2.92541,0.95,1.48322,0.0011422,0.0011422,0.0011422
638,1623.6,1.16011,0.53858,0.83173,0.67124,0.70833,0.59601,0.19755,2.93031,0.92866,1.48804,0.00114137,0.00114137,0.00114137
639,1626.11,1.20638,0.5234,0.8488,0.675,0.625,0.52126,0.17629,3.03758,0.96601,1.53188,0.00114054,0.00114054,0.00114054
640,1628.61,1.16288,0.53327,0.83444,0.6919,0.54167,0.48155,0.1802,3.05733,0.95501,1.54506,0.00113972,0.00113972,0.00113972
641,1631.12,1.19017,0.54378,0.84274,0.75091,0.54167,0.50878,0.18402,3.05437,0.95443,1.56386,0.00113889,0.00113889,0.00113889
642,1633.63,1.23,0.5317,0.84371,0.80353,0.54167,0.5305,0.19858,2.98623,0.96862,1.50371,0.00113807,0.00113807,0.00113807
643,1636.28,1.1247,0.52798,0.83309,0.67025,0.375,0.41503,0.17366,3.10159,1.0189,1.5595,0.00113724,0.00113724,0.00113724
644,1638.89,1.22143,0.55527,0.84121,0.46651,0.41667,0.39147,0.15579,3.14225,1.11506,1.56409,0.00113642,0.00113642,0.00113642
645,1641.52,1.27505,0.55659,0.84937,0.64567,0.45571,0.50482,0.15938,3.09868,1.19827,1.49929,0.00113559,0.00113559,0.00113559
646,1644.03,1.14023,0.53251,0.82922,0.3802,0.45833,0.35915,0.13739,3.06213,1.16607,1.49352,0.00113477,0.00113477,0.00113477
647,1646.58,1.19155,0.55078,0.8518,0.82631,0.41667,0.48793,0.14767,3.05923,1.43411,1.44129,0.00113394,0.00113394,0.00113394
648,1649.15,1.1919,0.54761,0.82452,0.85657,0.49784,0.54292,0.16005,3.03881,1.36004,1.46963,0.00113312,0.00113312,0.00113312
649,1651.68,1.26682,0.5464,0.863,0.87103,0.625,0.63758,0.17442,3.00367,1.04653,1.51821,0.00113229,0.00113229,0.00113229
650,1654.29,1.27815,0.53051,0.85056,0.82912,0.625,0.63133,0.20321,2.85711,0.97513,1.43903,0.00113147,0.00113147,0.00113147
651,1656.78,1.24344,0.59957,0.86462,0.76821,0.58333,0.61431,0.20352,2.81544,0.94302,1.41726,0.00113064,0.00113064,0.00113064
652,1659.36,1.1884,0.55569,0.84292,0.75972,0.58333,0.60794,0.2041,2.84929,0.94214,1.40402,0.00112982,0.00112982,0.00112982
653,1661.88,1.2276,0.55065,0.84385,0.70009,0.625,0.63229,0.21058,2.83256,0.98953,1.37066,0.00112899,0.00112899,0.00112899
654,1664.39,1.22539,0.54288,0.84853,0.75388,0.66667,0.7242,0.23926,2.80531,0.98415,1.359,0.00112817,0.00112817,0.00112817
655,1666.89,1.07887,0.51241,0.81518,0.72733,0.70833,0.71607,0.2341,2.82723,0.97681,1.37502,0.00112734,0.00112734,0.00112734
656,1669.47,1.20531,0.5354,0.84446,0.76699,0.70833,0.69019,0.23365,2.90853,0.91726,1.42253,0.00112652,0.00112652,0.00112652
657,1672.01,1.14509,0.51815,0.82904,0.8072,0.69816,0.7059,0.22292,2.92014,0.92555,1.40566,0.00112569,0.00112569,0.00112569
658,1674.56,1.22426,0.541,0.84264,0.7689,0.75,0.74578,0.22913,2.95633,0.97147,1.42264,0.00112487,0.00112487,0.00112487
659,1677.07,1.23619,0.56409,0.85461,0.78117,0.66667,0.64585,0.22537,2.85528,0.96461,1.36883,0.00112404,0.00112404,0.00112404
660,1679.65,1.21046,0.5338,0.84534,0.70935,0.66667,0.62863,0.2045,2.87717,1.04206,1.40057,0.00112322,0.00112322,0.00112322
661,1682.15,1.20842,0.5534,0.82985,0.63334,0.64816,0.59815,0.22,2.8401,1.0177,1.40311,0.00112239,0.00112239,0.00112239
662,1684.6,1.23972,0.52981,0.845,0.78335,0.70833,0.70877,0.19999,2.93654,1.01215,1.42765,0.00112157,0.00112157,0.00112157
663,1687.13,1.21207,0.53438,0.83803,0.75745,0.66667,0.66673,0.18814,2.95867,1.00224,1.44724,0.00112074,0.00112074,0.00112074
664,1689.68,1.11534,0.55292,0.7963,0.85501,0.75,0.75018,0.21718,2.84131,1.00999,1.39328,0.00111992,0.00111992,0.00111992
665,1692.19,1.23317,0.55248,0.84522,0.81346,0.75,0.77214,0.23955,2.81787,0.97751,1.41251,0.00111909,0.00111909,0.00111909
666,1694.72,1.24634,0.58769,0.84342,0.76708,0.70833,0.71952,0.22663,2.8359,1.00078,1.41856,0.00111827,0.00111827,0.00111827
667,1697.38,1.17466,0.51545,0.8391,0.76096,0.66338,0.69117,0.21131,2.96469,1.00329,1.47145,0.00111744,0.00111744,0.00111744
668,1700.01,1.23302,0.54425,0.84806,0.63118,0.66667,0.58675,0.19075,2.97072,0.97274,1.46415,0.00111661,0.00111661,0.00111661
669,1702.5,1.27764,0.54502,0.84734,0.7897,0.78261,0.77402,0.22191,2.877,0.93001,1.44564,0.00111579,0.00111579,0.00111579
670,1705.04,1.26191,0.54989,0.84284,0.66513,0.58333,0.57448,0.20225,2.89789,0.96894,1.4696,0.00111496,0.00111496,0.00111496
671,1707.62,1.23032,0.55478,0.87463,0.54668,0.66667,0.59467,0.20365,2.80487,0.97136,1.45474,0.00111414,0.00111414,0.00111414
672,1710.11,1.16202,0.53262,0.84606,0.64312,0.54167,0.55664,0.17936,2.87786,1.07573,1.47145,0.00111331,0.00111331,0.00111331
673,1712.66,1.25564,0.53306,0.84956,0.69785,0.41667,0.50438,0.17037,2.95001,1.17065,1.49355,0.00111249,0.00111249,0.00111249
674,1715.16,1.15429,0.53842,0.82602,0.69244,0.41667,0.47946,0.17375,2.9559,1.16417,1.49515,0.00111166,0.00111166,0.00111166
675,1717.7,1.13854,0.52913,0.83086,0.75504,0.45833,0.50241,0.15136,3.10352,1.17134,1.55951,0.00111084,0.00111084,0.00111084
676,1720.35,1.19832,0.51838,0.83864,0.55826,0.54167,0.46063,0.14442,3.11732,1.16627,1.54594,0.00111001,0.00111001,0.00111001
677,1722.82,1.20552,0.51827,0.8332,0.62263,0.58333,0.48971,0.14815,3.14904,1.19892,1.54253,0.00110919,0.00110919,0.00110919
678,1725.38,1.20005,0.52197,0.83306,0.64621,0.625,0.53451,0.16378,2.99867,1.07313,1.46158,0.00110836,0.00110836,0.00110836
679,1727.92,1.15225,0.51219,0.85584,0.68037,0.625,0.54585,0.19708,2.81931,1.04863,1.37191,0.00110754,0.00110754,0.00110754
680,1730.43,1.12986,0.51407,0.83691,0.7859,0.79167,0.73168,0.24598,2.66591,0.96909,1.30499,0.00110671,0.00110671,0.00110671
681,1732.93,1.16409,0.5318,0.83381,0.76143,0.75,0.67234,0.21525,2.80008,0.97781,1.35952,0.00110589,0.00110589,0.00110589
682,1735.48,1.32202,0.5968,0.85732,0.74239,0.75,0.6812,0.21502,2.79119,0.96744,1.36964,0.00110506,0.00110506,0.00110506
683,1738.02,1.24184,0.54722,0.84842,0.78705,0.79167,0.75898,0.20158,2.87092,1.00652,1.37415,0.00110424,0.00110424,0.00110424
684,1740.51,1.1646,0.5469,0.8388,0.74535,0.75,0.68387,0.21906,2.75642,0.99185,1.30694,0.00110341,0.00110341,0.00110341
685,1743.05,1.19873,0.54662,0.84272,0.74971,0.7489,0.69695,0.18383,2.97744,1.03017,1.39321,0.00110259,0.00110259,0.00110259
686,1745.75,1.10985,0.50981,0.84563,0.72679,0.66513,0.66464,0.20329,2.96448,1.04598,1.38005,0.00110176,0.00110176,0.00110176
687,1748.27,1.18579,0.53283,0.83591,0.68724,0.66667,0.67922,0.20963,2.89782,1.05894,1.36128,0.00110094,0.00110094,0.00110094
688,1750.79,1.12958,0.56014,0.79876,0.71533,0.54167,0.62233,0.18909,3.02416,1.12716,1.43259,0.00110011,0.00110011,0.00110011
689,1753.31,1.23379,0.53857,0.84761,0.68685,0.58333,0.63655,0.1902,3.04397,1.0484,1.48135,0.00109929,0.00109929,0.00109929
690,1755.82,1.19882,0.54015,0.84297,0.67933,0.61816,0.62509,0.18181,2.98868,1.00842,1.47026,0.00109846,0.00109846,0.00109846
691,1758.47,1.31479,0.5572,0.8375,0.77022,0.6987,0.75083,0.19348,2.98466,1.00051,1.48557,0.00109764,0.00109764,0.00109764
692,1760.99,1.19001,0.53905,0.82947,0.67987,0.70833,0.68359,0.20199,2.89117,0.93669,1.44965,0.00109681,0.00109681,0.00109681
693,1763.46,1.17342,0.52718,0.85524,0.74557,0.75,0.6748,0.19632,2.91393,0.93152,1.48911,0.00109599,0.00109599,0.00109599
694,1766.02,1.21182,0.52387,0.85407,0.72011,0.66667,0.63103,0.18385,2.87633,0.95538,1.45779,0.00109516,0.00109516,0.00109516
695,1768.6,1.2096,0.53512,0.83496,0.73816,0.70491,0.61045,0.18457,2.9852,0.95028,1.50408,0.00109434,0.00109434,0.00109434
696,1771.3,1.22748,0.53263,0.84624,0.68969,0.66667,0.63477,0.18582,3.02648,0.88657,1.47864,0.00109351,0.00109351,0.00109351
697,1773.85,1.23833,0.5477,0.84587,0.69044,0.66667,0.64997,0.17366,2.99533,0.88911,1.43037,0.00109269,0.00109269,0.00109269
698,1776.44,1.21341,0.60645,0.82416,0.73267,0.58333,0.59878,0.16864,3.07089,0.96912,1.45501,0.00109186,0.00109186,0.00109186
699,1778.99,1.1787,0.53051,0.83646,0.69245,0.625,0.58722,0.19141,2.93697,0.99569,1.42571,0.00109103,0.00109103,0.00109103
700,1781.51,1.10488,0.50914,0.78539,0.73546,0.625,0.72178,0.22481,2.91787,1.04755,1.43513,0.00109021,0.00109021,0.00109021
701,1784.01,1.07081,0.48824,0.7869,0.71428,0.62498,0.57978,0.20954,2.97283,1.08395,1.46206,0.00108938,0.00108938,0.00108938
702,1786.54,1.17587,0.53873,0.82675,0.66444,0.58333,0.56157,0.19079,2.99897,1.04889,1.48808,0.00108856,0.00108856,0.00108856
703,1789.14,1.13816,0.51952,0.83166,0.66427,0.65979,0.6082,0.20533,2.9366,1.03468,1.47109,0.00108773,0.00108773,0.00108773
704,1791.68,1.17984,0.52836,0.84552,0.64053,0.58333,0.57034,0.20826,2.92825,1.08,1.47586,0.00108691,0.00108691,0.00108691
705,1794.21,1.24105,0.52354,0.85535,0.70937,0.625,0.61319,0.21542,2.83294,1.01919,1.40307,0.00108608,0.00108608,0.00108608
706,1796.76,1.16439,0.51244,0.84165,0.71674,0.73837,0.68,0.24675,2.71868,0.99917,1.32278,0.00108526,0.00108526,0.00108526
707,1799.25,1.15696,0.52694,0.82878,0.7174,0.74073,0.65389,0.21983,2.7914,1.06504,1.36538,0.00108443,0.00108443,0.00108443
708,1801.76,1.15393,0.50588,0.83441,0.69137,0.66667,0.62593,0.18114,3.04257,1.15629,1.52849,0.00108361,0.00108361,0.00108361
709,1804.27,1.18011,0.55616,0.85037,0.63558,0.58333,0.54072,0.18124,3.09216,1.19057,1.55652,0.00108278,0.00108278,0.00108278
710,1806.84,1.23209,0.51816,0.83932,0.55775,0.58333,0.54055,0.17524,3.08628,1.21586,1.55979,0.00108196,0.00108196,0.00108196
711,1809.39,1.19939,0.55126,0.833,0.60098,0.625,0.53908,0.17438,3.0094,1.19368,1.52837,0.00108113,0.00108113,0.00108113
712,1811.92,1.19207,0.53309,0.83972,0.69958,0.70833,0.59205,0.19463,2.83662,1.14681,1.42316,0.00108031,0.00108031,0.00108031
713,1814.42,1.20952,0.5295,0.85336,0.78849,0.83333,0.75166,0.22842,2.73782,1.01418,1.37516,0.00107948,0.00107948,0.00107948
714,1816.92,1.14154,0.5306,0.83866,0.67174,0.70833,0.61621,0.21922,2.73881,0.94774,1.38822,0.00107866,0.00107866,0.00107866
715,1819.51,1.23442,0.56387,0.85325,0.66084,0.66667,0.56556,0.19898,2.82461,1.00089,1.44348,0.00107783,0.00107783,0.00107783
716,1822.13,1.14947,0.51819,0.84657,0.66231,0.66667,0.55992,0.18827,2.90328,1.05295,1.47943,0.00107701,0.00107701,0.00107701
717,1824.69,1.23016,0.52809,0.83867,0.66309,0.66667,0.57606,0.18737,2.90194,0.96136,1.46853,0.00107618,0.00107618,0.00107618
718,1827.29,1.13491,0.52545,0.82763,0.70471,0.70833,0.60856,0.21754,2.83472,0.91373,1.4506,0.00107536,0.00107536,0.00107536
719,1829.88,1.14469,0.50895,0.84035,0.70425,0.70833,0.63453,0.22169,2.74116,0.84369,1.38744,0.00107453,0.00107453,0.00107453
720,1832.43,1.19852,0.52219,0.83752,0.7548,0.66667,0.63092,0.22764,2.78045,0.83719,1.37343,0.00107371,0.00107371,0.00107371
721,1835.04,1.15523,0.52317,0.84225,0.77241,0.75,0.70425,0.22494,2.78884,0.83357,1.39775,0.00107288,0.00107288,0.00107288
722,1837.58,1.16976,0.51798,0.85875,0.68688,0.58333,0.60035,0.18761,2.91111,0.88418,1.4516,0.00107206,0.00107206,0.00107206
723,1840.05,1.1743,0.52836,0.841,0.67865,0.61628,0.55817,0.17221,3.01733,0.92592,1.49633,0.00107123,0.00107123,0.00107123
724,1842.58,1.08244,0.51951,0.84796,0.67416,0.54167,0.52578,0.17909,3.05526,0.98074,1.53896,0.00107041,0.00107041,0.00107041
725,1845.15,1.20514,0.54163,0.84135,0.71015,0.45833,0.47173,0.16365,3.06258,1.07576,1.52394,0.00106958,0.00106958,0.00106958
726,1847.67,1.15621,0.52752,0.8296,0.73636,0.5,0.51118,0.17527,3.07948,1.09494,1.52152,0.00106876,0.00106876,0.00106876
727,1850.18,1.09536,0.49251,0.82347,0.70641,0.54167,0.49789,0.166,3.10499,1.04304,1.54384,0.00106793,0.00106793,0.00106793
728,1852.74,1.18052,0.52658,0.8227,0.70679,0.54167,0.52017,0.16798,3.07912,1.00618,1.56302,0.00106711,0.00106711,0.00106711
729,1855.19,1.14622,0.52288,0.83918,0.66436,0.66667,0.5895,0.18295,3.0296,0.96292,1.54061,0.00106628,0.00106628,0.00106628
730,1857.75,1.15917,0.50578,0.84071,0.69206,0.66667,0.573,0.17048,2.98649,0.97124,1.5279,0.00106545,0.00106545,0.00106545
731,1860.33,1.17149,0.52861,0.83782,0.68044,0.6212,0.59081,0.17153,2.92862,0.94257,1.50709,0.00106463,0.00106463,0.00106463
732,1862.85,1.17262,0.51725,0.84351,0.66425,0.65973,0.5639,0.15908,3.03474,0.98494,1.53907,0.0010638,0.0010638,0.0010638
733,1865.37,1.10491,0.52422,0.83695,0.6564,0.58333,0.53144,0.15595,3.02999,1.05735,1.51982,0.00106298,0.00106298,0.00106298
734,1867.91,1.15504,0.53567,0.82436,0.65552,0.54167,0.57848,0.16161,3.05542,1.11681,1.51445,0.00106215,0.00106215,0.00106215
735,1870.43,1.20525,0.52928,0.83184,0.74146,0.45833,0.61448,0.17469,2.97657,1.12475,1.47238,0.00106133,0.00106133,0.00106133
736,1872.93,1.11125,0.49011,0.8364,0.74128,0.41667,0.49672,0.18404,3.01254,1.17778,1.47116,0.0010605,0.0010605,0.0010605
737,1875.41,1.21499,0.55232,0.84825,0.75833,0.54167,0.59539,0.19101,2.94468,1.19851,1.40947,0.00105968,0.00105968,0.00105968
738,1877.92,1.05965,0.48761,0.78807,0.81614,0.625,0.66761,0.19411,2.8968,1.14806,1.36487,0.00105885,0.00105885,0.00105885
739,1880.68,1.15823,0.5156,0.83112,0.83179,0.61846,0.66792,0.20361,2.90423,1.1085,1.36386,0.00105803,0.00105803,0.00105803
740,1883.28,1.15397,0.53357,0.83216,0.65945,0.66667,0.58281,0.18484,2.97414,1.0647,1.42207,0.0010572,0.0010572,0.0010572
741,1885.84,1.09106,0.53639,0.78968,0.72184,0.66667,0.68495,0.19883,2.90431,0.98943,1.41164,0.00105638,0.00105638,0.00105638
742,1888.39,1.24763,0.53661,0.83859,0.71326,0.66667,0.67241,0.20565,2.91458,0.95054,1.4157,0.00105555,0.00105555,0.00105555
743,1890.96,1.15995,0.51018,0.82776,0.70369,0.66667,0.66354,0.2049,2.89101,0.94719,1.40214,0.00105473,0.00105473,0.00105473
744,1893.51,1.19377,0.51968,0.8399,0.67012,0.625,0.58239,0.18408,3.057,0.9748,1.48164,0.0010539,0.0010539,0.0010539
745,1896.02,1.23442,0.52529,0.85308,0.69985,0.625,0.57471,0.17704,3.09466,0.98001,1.50627,0.00105308,0.00105308,0.00105308
746,1898.52,1.14523,0.52037,0.84266,0.71675,0.625,0.57131,0.16701,3.1015,1.03787,1.51456,0.00105225,0.00105225,0.00105225
747,1901.01,1.12158,0.49255,0.85162,0.75774,0.625,0.56895,0.16247,3.10846,1.1017,1.51584,0.00105143,0.00105143,0.00105143
748,1903.53,1.17234,0.52368,0.83736,0.69461,0.625,0.5869,0.18311,2.99091,1.0965,1.47149,0.0010506,0.0010506,0.0010506
749,1906.1,1.19229,0.53144,0.84356,0.70798,0.625,0.57653,0.17545,2.9878,1.05386,1.4886,0.00104978,0.00104978,0.00104978
750,1908.61,1.18889,0.52431,0.84503,0.75679,0.66667,0.57528,0.17065,2.97131,1.03766,1.47283,0.00104895,0.00104895,0.00104895
751,1911.18,1.13795,0.51785,0.8433,0.70507,0.625,0.54312,0.17212,2.96207,1.06452,1.45995,0.00104813,0.00104813,0.00104813
752,1913.78,1.12018,0.49413,0.7867,0.60223,0.58333,0.50568,0.1703,2.95125,1.11087,1.4666,0.0010473,0.0010473,0.0010473
753,1916.27,1.08532,0.49238,0.79588,0.62787,0.58333,0.5745,0.20373,2.83872,1.0912,1.41551,0.00104648,0.00104648,0.00104648
754,1918.84,1.16917,0.51193,0.85624,0.69938,0.5817,0.54808,0.17795,2.85623,1.08851,1.41638,0.00104565,0.00104565,0.00104565
755,1921.39,1.10946,0.50234,0.83982,0.74842,0.625,0.60146,0.19757,2.79816,1.03423,1.38424,0.00104483,0.00104483,0.00104483
756,1923.95,1.18739,0.53307,0.83434,0.78034,0.625,0.61216,0.1965,2.85438,1.02643,1.39256,0.001044,0.001044,0.001044
757,1926.62,1.10814,0.50891,0.83229,0.83066,0.66667,0.65819,0.20636,2.86121,0.98425,1.38861,0.00104318,0.00104318,0.00104318
758,1929.14,1.11572,0.49969,0.82879,0.8217,0.66667,0.64685,0.21625,2.8647,0.9687,1.38655,0.00104235,0.00104235,0.00104235
759,1931.73,1.16225,0.51274,0.83058,0.72089,0.625,0.57709,0.19932,2.93829,0.98078,1.42905,0.00104152,0.00104152,0.00104152
760,1934.35,1.16872,0.50342,0.85094,0.73361,0.625,0.53272,0.17099,3.0176,1.04713,1.44714,0.0010407,0.0010407,0.0010407
761,1936.92,1.2477,0.57722,0.83733,0.73956,0.54167,0.50185,0.16085,3.08656,1.0924,1.48795,0.00103987,0.00103987,0.00103987
762,1939.42,1.11978,0.51693,0.82659,0.73625,0.54167,0.53162,0.165,3.06951,1.08629,1.48739,0.00103905,0.00103905,0.00103905
763,1941.92,1.12223,0.50957,0.8382,0.78482,0.66667,0.63865,0.18933,3.01437,1.06824,1.46961,0.00103822,0.00103822,0.00103822
764,1944.46,1.08874,0.50442,0.84526,0.73318,0.70833,0.64801,0.19314,2.94313,0.99156,1.45174,0.0010374,0.0010374,0.0010374
765,1947,1.23564,0.52348,0.83501,0.76421,0.70833,0.64301,0.19002,2.94744,0.95865,1.46711,0.00103657,0.00103657,0.00103657
766,1949.54,1.14567,0.5162,0.83633,0.65122,0.62248,0.53851,0.19506,2.93199,0.95642,1.47144,0.00103575,0.00103575,0.00103575
767,1952.08,1.15166,0.51839,0.83916,0.67542,0.625,0.57895,0.17973,3.04109,1.02626,1.47177,0.00103492,0.00103492,0.00103492
768,1954.61,1.12345,0.50378,0.78216,0.67237,0.54167,0.51743,0.18132,3.01351,1.04498,1.44472,0.0010341,0.0010341,0.0010341
769,1957.07,1.1413,0.61094,0.82845,0.67286,0.58333,0.5329,0.18005,3.00585,1.06159,1.44411,0.00103327,0.00103327,0.00103327
770,1959.66,1.14637,0.4991,0.83658,0.71749,0.74105,0.68516,0.2108,2.89654,1.03028,1.40614,0.00103245,0.00103245,0.00103245
771,1962.16,1.05103,0.47948,0.78971,0.69684,0.67057,0.66166,0.19655,2.95015,1.00776,1.44369,0.00103162,0.00103162,0.00103162
772,1964.71,1.23079,0.52114,0.84178,0.73697,0.625,0.63416,0.18702,2.93531,1.00323,1.45974,0.0010308,0.0010308,0.0010308
773,1967.19,1.13112,0.52111,0.82263,0.67749,0.70049,0.63845,0.18118,2.94036,1.01315,1.46644,0.00102997,0.00102997,0.00102997
774,1969.69,1.18248,0.53007,0.84532,0.62855,0.70516,0.62778,0.19064,2.96461,1.02227,1.47365,0.00102915,0.00102915,0.00102915
775,1972.22,1.06454,0.49132,0.8316,0.61418,0.72999,0.6312,0.17872,2.98787,1.00232,1.48107,0.00102832,0.00102832,0.00102832
776,1974.85,1.20261,0.54518,0.83685,0.59426,0.54167,0.57081,0.15628,3.05894,1.00488,1.5156,0.0010275,0.0010275,0.0010275
777,1977.49,1.11365,0.49682,0.83696,0.5588,0.54167,0.54697,0.17354,3.08452,1.06187,1.5391,0.00102667,0.00102667,0.00102667
778,1979.95,1.08364,0.50127,0.7844,0.50918,0.54167,0.47506,0.16182,3.07119,1.11553,1.50824,0.00102585,0.00102585,0.00102585
779,1982.44,1.13543,0.51032,0.84492,0.54724,0.625,0.53457,0.17632,3.04499,1.06655,1.52017,0.00102502,0.00102502,0.00102502
780,1984.96,1.12706,0.51476,0.84763,0.64587,0.58333,0.54332,0.16025,3.1049,0.99359,1.54565,0.0010242,0.0010242,0.0010242
781,1987.51,1.17062,0.50786,0.83227,0.64638,0.58333,0.49638,0.15131,3.1735,1.00951,1.54794,0.00102337,0.00102337,0.00102337
782,1990.07,1.10674,0.52999,0.8238,0.70367,0.45833,0.4573,0.13686,3.17891,1.06606,1.53541,0.00102255,0.00102255,0.00102255
783,1992.63,1.07999,0.50433,0.84203,0.72408,0.45833,0.48898,0.15924,3.13586,1.14634,1.51564,0.00102172,0.00102172,0.00102172
784,1995.27,1.12405,0.51604,0.82289,0.73694,0.46736,0.51948,0.17223,3.10664,1.09267,1.51293,0.0010209,0.0010209,0.0010209
785,1997.78,1.15367,0.50775,0.82816,0.63543,0.58108,0.55585,0.17807,3.06611,0.98886,1.48368,0.00102007,0.00102007,0.00102007
786,2000.3,1.16454,0.51155,0.84513,0.72882,0.58333,0.61379,0.18898,3.07419,0.95403,1.4817,0.00101925,0.00101925,0.00101925
787,2002.76,1.19404,0.53481,0.82562,0.73085,0.67923,0.68267,0.19297,3.07269,0.93343,1.49226,0.00101842,0.00101842,0.00101842
788,2005.26,1.15238,0.51761,0.84815,0.72262,0.66667,0.60594,0.19393,3.06598,0.93726,1.50003,0.0010176,0.0010176,0.0010176
789,2007.78,1.1548,0.52831,0.82599,0.72262,0.66667,0.58548,0.18353,3.10894,0.96939,1.51281,0.00101677,0.00101677,0.00101677
790,2010.3,1.19634,0.52962,0.83417,0.75872,0.70833,0.63682,0.19362,3.10297,1.03414,1.5034,0.00101594,0.00101594,0.00101594
791,2012.76,1.11862,0.51508,0.83098,0.80869,0.75,0.68003,0.20384,3.03967,1.02172,1.50105,0.00101512,0.00101512,0.00101512
792,2015.36,1.16068,0.54054,0.84423,0.74573,0.75,0.6586,0.19194,3.00382,0.9867,1.51026,0.00101429,0.00101429,0.00101429
793,2017.91,1.19786,0.53348,0.86501,0.81579,0.79167,0.70007,0.20845,2.94403,0.99255,1.47245,0.00101347,0.00101347,0.00101347
794,2020.5,1.09223,0.50315,0.83593,0.75585,0.70833,0.62888,0.19715,2.98881,1.03722,1.46433,0.00101264,0.00101264,0.00101264
795,2023.12,1.10345,0.49811,0.84247,0.72101,0.66667,0.60658,0.20019,2.94967,1.04889,1.44868,0.00101182,0.00101182,0.00101182
796,2025.77,1.27875,0.54417,0.89327,0.76005,0.66016,0.60753,0.193,3.00984,1.03854,1.50286,0.00101099,0.00101099,0.00101099
797,2028.23,0.99458,0.47077,0.78588,0.70114,0.625,0.57508,0.18752,3.02362,1.01707,1.51779,0.00101017,0.00101017,0.00101017
798,2030.87,1.16645,0.51744,0.83877,0.75793,0.66667,0.6137,0.18754,3.02151,0.96628,1.50674,0.00100934,0.00100934,0.00100934
799,2033.38,1.15418,0.52434,0.83963,0.77726,0.66667,0.63593,0.21756,2.94502,0.93941,1.46141,0.00100852,0.00100852,0.00100852
800,2035.96,1.1701,0.52623,0.82832,0.78565,0.66667,0.62032,0.19454,2.99704,0.95789,1.49071,0.00100769,0.00100769,0.00100769
801,2038.48,1.18597,0.52158,0.8327,0.75401,0.66667,0.62056,0.20142,2.92652,0.96201,1.4656,0.00100687,0.00100687,0.00100687
802,2041,1.13283,0.50194,0.83121,0.71221,0.66667,0.59275,0.18878,2.96696,0.96086,1.48049,0.00100604,0.00100604,0.00100604
803,2043.53,1.17104,0.51971,0.83739,0.67273,0.66667,0.60055,0.18837,3.00296,0.96859,1.48923,0.00100522,0.00100522,0.00100522
804,2046.09,1.13363,0.5487,0.8402,0.67801,0.61454,0.51911,0.17299,3.06722,1.07378,1.51709,0.00100439,0.00100439,0.00100439
805,2048.61,1.10486,0.6613,0.79395,0.68438,0.58333,0.52794,0.16662,3.01117,1.12372,1.48941,0.00100357,0.00100357,0.00100357
806,2051.17,1.10414,0.49773,0.82361,0.59666,0.58333,0.47912,0.16355,3.04985,1.18865,1.52284,0.00100274,0.00100274,0.00100274
807,2053.76,1.11362,0.51377,0.82976,0.63053,0.64036,0.54774,0.16924,3.02833,1.16088,1.51239,0.00100192,0.00100192,0.00100192
808,2056.32,1.16383,0.51505,0.83151,0.75935,0.65773,0.59229,0.18301,2.94402,1.07734,1.47073,0.00100109,0.00100109,0.00100109
809,2058.84,1.08535,0.48298,0.7846,0.78381,0.79167,0.72914,0.21391,2.89727,0.98195,1.44497,0.00100027,0.00100027,0.00100027
810,2061.43,1.14707,0.51692,0.84383,0.71359,0.75,0.6824,0.21235,2.86398,0.97181,1.42184,0.000999442,0.000999442,0.000999442
811,2064.04,1.11871,0.52045,0.83084,0.82728,0.54167,0.61507,0.19298,2.99068,1.08337,1.46001,0.000998616,0.000998616,0.000998616
812,2066.72,1.12034,0.4953,0.82196,0.57372,0.58333,0.51339,0.17717,3.04405,1.10738,1.50575,0.000997791,0.000997791,0.000997791
813,2069.33,1.0673,0.47921,0.77682,0.61701,0.625,0.55353,0.18781,3.05973,1.1157,1.53035,0.000996966,0.000996966,0.000996966
814,2071.94,1.14338,0.52197,0.82572,0.62689,0.625,0.52443,0.16703,3.04866,1.07165,1.52672,0.000996141,0.000996141,0.000996141
815,2074.5,1.05279,0.49736,0.77271,0.63888,0.66667,0.53461,0.15194,3.13335,1.13783,1.5777,0.000995316,0.000995316,0.000995316
816,2077.13,1.23786,0.53536,0.84725,0.68095,0.66667,0.54078,0.15239,3.12464,1.23334,1.60691,0.000994491,0.000994491,0.000994491
817,2079.69,1.13783,0.50128,0.84327,0.69098,0.70833,0.58105,0.16155,3.14656,1.1433,1.5902,0.000993665,0.000993665,0.000993665
818,2082.16,1.14199,0.51707,0.82317,0.63776,0.625,0.55723,0.16966,3.08632,1.02726,1.5383,0.00099284,0.00099284,0.00099284
819,2084.71,1.16538,0.56488,0.84309,0.72637,0.66376,0.59358,0.17648,3.02933,1.02214,1.49632,0.000992015,0.000992015,0.000992015
820,2087.32,1.10717,0.51397,0.83462,0.73263,0.75,0.67759,0.20002,2.99224,1.02786,1.48371,0.00099119,0.00099119,0.00099119
821,2089.85,1.14833,0.54007,0.84085,0.8161,0.73997,0.72682,0.20519,2.90937,0.92409,1.45171,0.000990365,0.000990365,0.000990365
822,2092.5,1.11235,0.51191,0.81517,0.78141,0.79167,0.73755,0.22694,2.82889,0.89127,1.41464,0.00098954,0.00098954,0.00098954
823,2095.04,1.16309,0.50667,0.83657,0.75904,0.78768,0.73038,0.22741,2.79532,0.90005,1.40449,0.000988714,0.000988714,0.000988714
824,2097.62,1.06562,0.4964,0.77617,0.78158,0.74566,0.71862,0.20326,2.85208,0.9602,1.42229,0.000987889,0.000987889,0.000987889
825,2100.16,1.13215,0.50988,0.81792,0.72849,0.625,0.57491,0.18022,2.91552,0.97126,1.4562,0.000987064,0.000987064,0.000987064
826,2102.75,1.13143,0.52378,0.81638,0.62405,0.66667,0.54266,0.18651,3.00488,1.00474,1.4938,0.000986239,0.000986239,0.000986239
827,2105.29,1.04445,0.45838,0.81543,0.66158,0.65205,0.55622,0.18645,3.04369,1.05065,1.51135,0.000985414,0.000985414,0.000985414
828,2107.83,1.16254,0.49822,0.84876,0.57532,0.75,0.57817,0.17067,3.07857,1.15247,1.53131,0.000984589,0.000984589,0.000984589
829,2110.38,1.17297,0.51015,0.83256,0.53399,0.625,0.54036,0.17774,3.06567,1.30973,1.5119,0.000983763,0.000983763,0.000983763
830,2112.96,1.1326,0.51609,0.83415,0.66071,0.56845,0.58488,0.18229,3.07334,1.40874,1.5166,0.000982938,0.000982938,0.000982938
831,2115.47,1.13189,0.50662,0.8284,0.68307,0.54167,0.59494,0.18311,3.11094,1.36952,1.54757,0.000982113,0.000982113,0.000982113
832,2118.01,1.16928,0.52698,0.84567,0.57255,0.58333,0.55749,0.1802,3.15028,1.25412,1.58362,0.000981288,0.000981288,0.000981288
833,2120.56,1.0873,0.49892,0.84494,0.58977,0.58333,0.55028,0.17791,3.13188,1.11269,1.56985,0.000980463,0.000980463,0.000980463
834,2123.12,1.12544,0.50383,0.83987,0.6264,0.58333,0.50704,0.16762,3.06268,1.0265,1.53321,0.000979638,0.000979638,0.000979638
835,2125.73,1.09035,0.5529,0.82343,0.67493,0.625,0.55259,0.16575,3.0811,1.04468,1.52809,0.000978812,0.000978812,0.000978812
836,2128.38,1.16456,0.53367,0.83079,0.68063,0.625,0.5666,0.15376,3.12965,1.06993,1.54369,0.000977987,0.000977987,0.000977987
837,2130.93,1.00644,0.47341,0.78628,0.67181,0.58333,0.5449,0.15763,3.1535,1.1101,1.54114,0.000977162,0.000977162,0.000977162
838,2133.44,1.13983,0.50374,0.82423,0.58969,0.5,0.46364,0.14129,3.21583,1.1262,1.57216,0.000976337,0.000976337,0.000976337
839,2135.92,1.11061,0.52876,0.81612,0.6492,0.54167,0.47341,0.13893,3.24978,1.15286,1.59355,0.000975512,0.000975512,0.000975512
840,2138.45,1.12654,0.52277,0.82197,0.72668,0.58333,0.51806,0.15999,3.18567,1.17715,1.54053,0.000974687,0.000974687,0.000974687
841,2140.94,1.14905,0.49804,0.83348,0.7391,0.625,0.57566,0.17229,3.1062,1.15305,1.51419,0.000973861,0.000973861,0.000973861
842,2143.49,1.20541,0.52493,0.86792,0.72337,0.66667,0.60049,0.21421,2.94439,1.03359,1.44797,0.000973036,0.000973036,0.000973036
843,2146.07,1.03146,0.47133,0.77398,0.81194,0.75,0.74478,0.23144,2.7986,0.98717,1.38844,0.000972211,0.000972211,0.000972211
844,2148.63,1.05381,0.51028,0.83098,0.84529,0.70833,0.72174,0.23242,2.70714,1.02898,1.33946,0.000971386,0.000971386,0.000971386
845,2151.12,1.13519,0.51363,0.84109,0.89504,0.75,0.78976,0.23953,2.7213,0.97695,1.34579,0.000970561,0.000970561,0.000970561
846,2153.66,1.07981,0.5149,0.83061,0.75903,0.79167,0.7091,0.21147,2.78703,1.01768,1.37707,0.000969736,0.000969736,0.000969736
847,2156.19,1.15448,0.51035,0.83167,0.84054,0.65921,0.6919,0.20746,2.80626,1.11145,1.38218,0.00096891,0.00096891,0.00096891
848,2158.78,1.0975,0.48353,0.83743,0.75931,0.625,0.60974,0.2116,2.82428,1.25045,1.40558,0.000968085,0.000968085,0.000968085
849,2161.26,1.15459,0.51811,0.83193,0.71644,0.66667,0.62932,0.20868,2.80403,1.23379,1.39427,0.00096726,0.00096726,0.00096726
850,2163.84,1.09023,0.48581,0.84069,0.75354,0.70833,0.70411,0.2082,2.81565,1.20803,1.39446,0.000966435,0.000966435,0.000966435
851,2166.32,1.15038,0.50891,0.84377,0.73558,0.66667,0.70968,0.21689,2.80885,1.22667,1.40046,0.00096561,0.00096561,0.00096561
852,2168.94,1.11355,0.50562,0.82286,0.72497,0.66667,0.68286,0.20374,2.84745,1.04645,1.42412,0.000964785,0.000964785,0.000964785
853,2171.59,1.15945,0.50511,0.83824,0.66484,0.66667,0.5816,0.17071,2.8889,0.95697,1.44622,0.000963959,0.000963959,0.000963959
854,2174.12,1.15183,0.50897,0.83406,0.63912,0.66422,0.52138,0.16656,2.90695,0.96334,1.45972,0.000963134,0.000963134,0.000963134
855,2176.66,1.07029,0.49223,0.83382,0.64754,0.66667,0.56011,0.16692,2.87562,0.9589,1.43766,0.000962309,0.000962309,0.000962309
856,2179.25,1.10575,0.50335,0.82833,0.58833,0.625,0.51584,0.16456,2.93798,0.97505,1.45725,0.000961484,0.000961484,0.000961484
857,2181.85,1.06305,0.4932,0.82576,0.60734,0.66667,0.57408,0.16434,2.94635,0.98993,1.45802,0.000960659,0.000960659,0.000960659
858,2184.39,1.13447,0.52687,0.81863,0.67393,0.70833,0.61523,0.17003,2.95705,0.99115,1.46426,0.000959834,0.000959834,0.000959834
859,2186.91,1.11447,0.50017,0.82171,0.63875,0.73706,0.61391,0.18377,2.911,0.94312,1.4715,0.000959008,0.000959008,0.000959008
860,2189.53,1.16419,0.50548,0.82997,0.64728,0.70833,0.55716,0.16328,2.93057,0.95595,1.49314,0.000958183,0.000958183,0.000958183
861,2192.05,1.12924,0.50596,0.83168,0.6994,0.58174,0.53633,0.14629,2.94011,0.98063,1.50029,0.000957358,0.000957358,0.000957358
862,2194.53,1.09925,0.50841,0.82384,0.58792,0.54167,0.43327,0.12409,3.00538,0.96764,1.54269,0.000956533,0.000956533,0.000956533
863,2197.04,1.12894,0.51435,0.82804,0.72047,0.66667,0.58486,0.15363,3.02173,0.95409,1.55809,0.000955708,0.000955708,0.000955708
864,2199.64,1.07473,0.49433,0.83565,0.65968,0.58333,0.4875,0.15029,3.09811,0.993,1.60063,0.000954883,0.000954883,0.000954883
865,2202.12,1.12935,0.51485,0.84828,0.75269,0.66667,0.59679,0.15865,3.05905,1.01479,1.56108,0.000954057,0.000954057,0.000954057
866,2204.68,1.19021,0.51607,0.86019,0.75197,0.66667,0.61478,0.17487,3.03356,1.00848,1.54555,0.000953232,0.000953232,0.000953232
867,2207.2,1.12508,0.50755,0.8394,0.631,0.58333,0.51135,0.17416,3.00249,1.01587,1.54406,0.000952407,0.000952407,0.000952407
868,2209.8,1.10654,0.49877,0.83012,0.67446,0.625,0.53141,0.17989,2.88906,0.99714,1.48946,0.000951582,0.000951582,0.000951582
869,2212.27,1.1315,0.5112,0.83157,0.62822,0.58333,0.51158,0.17833,2.97124,0.97237,1.51345,0.000950757,0.000950757,0.000950757
870,2214.85,1.05868,0.49792,0.84105,0.63376,0.58333,0.50139,0.16369,3.01486,0.9666,1.51486,0.000949932,0.000949932,0.000949932
871,2217.43,1.07838,0.4848,0.84412,0.70352,0.625,0.5477,0.18876,2.97956,0.91783,1.50445,0.000949106,0.000949106,0.000949106
872,2220.06,1.09921,0.50488,0.82343,0.6097,0.54167,0.45273,0.16185,2.96222,0.95049,1.48001,0.000948281,0.000948281,0.000948281
873,2222.6,1.08976,0.50476,0.83688,0.67983,0.58333,0.47849,0.1684,2.96453,1.08348,1.48573,0.000947456,0.000947456,0.000947456
874,2225.22,1.07067,0.49585,0.8268,0.65096,0.58333,0.47604,0.15991,3.04642,1.23375,1.54203,0.000946631,0.000946631,0.000946631
875,2227.88,1.08812,0.49088,0.81685,0.70433,0.59596,0.52867,0.17047,3.00589,1.22387,1.52127,0.000945806,0.000945806,0.000945806
876,2230.41,1.08788,0.49207,0.8186,0.69142,0.625,0.53082,0.17093,2.95184,1.05023,1.48809,0.000944981,0.000944981,0.000944981
877,2232.87,1.10012,0.49882,0.83684,0.74629,0.75,0.62542,0.18564,2.89928,0.96512,1.46832,0.000944155,0.000944155,0.000944155
878,2235.42,1.13231,0.49052,0.83657,0.78258,0.79167,0.68016,0.1928,2.89877,0.94064,1.48621,0.00094333,0.00094333,0.00094333
879,2237.95,1.04649,0.48875,0.82126,0.74126,0.75,0.61914,0.1799,2.86146,0.92368,1.44795,0.000942505,0.000942505,0.000942505
880,2240.54,1.10859,0.53331,0.82564,0.67572,0.70833,0.56961,0.17016,2.92729,0.93582,1.47845,0.00094168,0.00094168,0.00094168
881,2243.08,1.08833,0.49594,0.83241,0.68422,0.75,0.63065,0.18341,2.94702,0.95373,1.46458,0.000940855,0.000940855,0.000940855
882,2245.66,1.12992,0.51034,0.8203,0.67028,0.58333,0.5418,0.18166,2.9381,1.00184,1.44894,0.00094003,0.00094003,0.00094003
883,2248.27,1.1237,0.50496,0.83746,0.61243,0.54167,0.54885,0.18631,2.9197,1.05071,1.43319,0.000939204,0.000939204,0.000939204
884,2250.87,1.14239,0.51523,0.84296,0.66606,0.66492,0.61945,0.19482,2.91229,1.01324,1.44088,0.000938379,0.000938379,0.000938379
885,2253.39,1.08072,0.49521,0.83437,0.68472,0.58333,0.57698,0.19013,2.90937,1,1.42791,0.000937554,0.000937554,0.000937554
886,2255.85,1.09252,0.50526,0.82036,0.78523,0.66667,0.67133,0.20715,2.90992,1.01121,1.41539,0.000936729,0.000936729,0.000936729
887,2258.5,1.15302,0.49895,0.84022,0.7903,0.66667,0.60549,0.19242,2.88496,1.01788,1.40223,0.000935904,0.000935904,0.000935904
888,2261.05,1.1047,0.49517,0.83751,0.67721,0.625,0.55095,0.18268,2.8552,0.96317,1.38794,0.000935079,0.000935079,0.000935079
889,2263.59,1.08214,0.49856,0.80623,0.64742,0.58333,0.58825,0.20318,2.86613,0.94251,1.4063,0.000934253,0.000934253,0.000934253
890,2266.1,1.14464,0.50953,0.84525,0.66203,0.66667,0.63369,0.219,2.87166,0.90076,1.43308,0.000933428,0.000933428,0.000933428
891,2268.63,1.07749,0.48642,0.84678,0.70599,0.70833,0.6587,0.20135,2.90261,0.88005,1.47691,0.000932603,0.000932603,0.000932603
892,2271.27,1.07297,0.50829,0.83329,0.71994,0.7498,0.69667,0.19358,2.94894,0.93362,1.48852,0.000931778,0.000931778,0.000931778
893,2273.81,1.06465,0.49848,0.84594,0.649,0.75,0.66677,0.18066,2.97745,0.98558,1.47742,0.000930953,0.000930953,0.000930953
894,2276.29,1.11886,0.51416,0.82654,0.71867,0.66667,0.6413,0.17522,2.97474,1.07343,1.45788,0.000930128,0.000930128,0.000930128
895,2278.82,1.05359,0.49262,0.83941,0.9022,0.5,0.55638,0.16581,3.01772,1.13748,1.4777,0.000929302,0.000929302,0.000929302
896,2281.5,1.10921,0.5052,0.83832,0.8549,0.45833,0.58326,0.16548,3.06117,1.14065,1.49503,0.000928477,0.000928477,0.000928477
897,2284.02,1.16189,0.55377,0.84112,0.81506,0.41667,0.47881,0.15233,3.09671,1.13606,1.52657,0.000927652,0.000927652,0.000927652
898,2286.56,1.09307,0.50208,0.83794,0.81124,0.41667,0.49751,0.15258,3.06536,1.08881,1.51443,0.000926827,0.000926827,0.000926827
899,2289.07,1.06824,0.48161,0.8318,0.78345,0.41667,0.47919,0.155,3.02829,1.07529,1.49523,0.000926002,0.000926002,0.000926002
900,2291.63,1.10432,0.50119,0.82328,0.63654,0.625,0.60025,0.1726,2.99314,1.05438,1.47534,0.000925177,0.000925177,0.000925177
901,2294.12,1.07923,0.52917,0.83105,0.63611,0.65587,0.63843,0.17577,2.98804,1.02501,1.47933,0.000924352,0.000924352,0.000924352
902,2296.64,1.12948,0.50565,0.84481,0.62005,0.625,0.62535,0.18519,3.01196,1.00412,1.50454,0.000923526,0.000923526,0.000923526
903,2299.24,1.09371,0.50016,0.83061,0.64679,0.58333,0.5921,0.18201,2.98146,0.98471,1.48336,0.000922701,0.000922701,0.000922701
904,2301.84,1.05794,0.49045,0.8114,0.60075,0.58333,0.55342,0.16721,3.02624,1.05858,1.50066,0.000921876,0.000921876,0.000921876
905,2304.41,1.13659,0.5062,0.82022,0.70611,0.625,0.5897,0.17333,2.99912,1.06263,1.49736,0.000921051,0.000921051,0.000921051
906,2306.93,1.09478,0.49277,0.82544,0.67082,0.625,0.5845,0.17598,2.98964,1.14895,1.49749,0.000920226,0.000920226,0.000920226
907,2309.57,1.07839,0.49294,0.83898,0.72746,0.58333,0.58249,0.172,3.00337,1.18652,1.51303,0.000919401,0.000919401,0.000919401
908,2312.12,1.0823,0.49793,0.83034,0.67931,0.625,0.58603,0.16085,2.9909,1.14959,1.50798,0.000918575,0.000918575,0.000918575
909,2314.7,1.02117,0.49216,0.82391,0.62563,0.58333,0.52867,0.16267,3.00266,1.1358,1.5219,0.00091775,0.00091775,0.00091775
910,2317.16,1.04574,0.47909,0.82569,0.57361,0.54167,0.49985,0.15057,3.02414,1.16625,1.5274,0.000916925,0.000916925,0.000916925
911,2319.69,1.09236,0.49912,0.82867,0.56858,0.49447,0.42094,0.14447,3.03676,1.17472,1.53168,0.0009161,0.0009161,0.0009161
912,2322.3,1.15818,0.53714,0.8446,0.61792,0.53919,0.44951,0.14746,2.99304,1.21094,1.50925,0.000915275,0.000915275,0.000915275
913,2325.01,1.14392,0.52756,0.82027,0.62276,0.5,0.45477,0.156,3.03561,1.27649,1.53442,0.00091445,0.00091445,0.00091445
914,2327.52,1.0367,0.46543,0.83447,0.56842,0.45833,0.39596,0.15656,3.0435,1.2445,1.54106,0.000913624,0.000913624,0.000913624
915,2330.02,1.05806,0.47111,0.83948,0.58964,0.5,0.4665,0.15745,3.05402,1.11718,1.54238,0.000912799,0.000912799,0.000912799
916,2332.58,1.11521,0.49195,0.81863,0.60725,0.45131,0.40806,0.14208,3.02121,1.03067,1.53556,0.000911974,0.000911974,0.000911974
917,2335.13,1.05202,0.47687,0.83248,0.58229,0.58093,0.47247,0.14684,2.95177,0.97806,1.50903,0.000911149,0.000911149,0.000911149
918,2337.68,1.04052,0.48468,0.84104,0.57389,0.58333,0.46652,0.15395,2.95149,0.97475,1.50721,0.000910324,0.000910324,0.000910324
919,2340.26,1.07417,0.49913,0.82149,0.63953,0.66667,0.57222,0.17654,2.91997,0.97367,1.48433,0.000909499,0.000909499,0.000909499
920,2342.89,1.0834,0.50557,0.82196,0.77955,0.70833,0.68774,0.20641,2.88788,0.98165,1.45986,0.000908673,0.000908673,0.000908673
921,2345.4,0.96211,0.46256,0.78656,0.78001,0.75,0.70791,0.21082,2.91537,1.06275,1.46779,0.000907848,0.000907848,0.000907848
922,2347.97,1.13945,0.4904,0.83836,0.76397,0.54167,0.52562,0.16489,3.02775,1.17622,1.51273,0.000907023,0.000907023,0.000907023
923,2350.47,1.04738,0.48899,0.83054,0.76438,0.54167,0.55019,0.16899,2.99438,1.18204,1.51145,0.000906198,0.000906198,0.000906198
924,2353.01,1.07857,0.51284,0.83483,0.69828,0.5,0.51409,0.16742,2.98353,1.11158,1.51363,0.000905373,0.000905373,0.000905373
925,2355.54,1.08795,0.47621,0.85129,0.71865,0.5,0.52412,0.16415,2.93602,1.07108,1.48539,0.000904548,0.000904548,0.000904548
926,2358.13,1.06853,0.47732,0.84151,0.77561,0.58333,0.61369,0.16924,2.94215,1.08534,1.49836,0.000903722,0.000903722,0.000903722
927,2360.69,1.11336,0.52466,0.82833,0.71511,0.54167,0.57621,0.17194,2.95716,1.09629,1.49803,0.000902897,0.000902897,0.000902897
928,2363.24,1.07236,0.47172,0.82552,0.74571,0.5,0.56907,0.17705,3.00139,1.06813,1.50522,0.000902072,0.000902072,0.000902072
929,2365.84,1.07581,0.48953,0.82002,0.64626,0.54167,0.58122,0.18824,2.99443,1.10669,1.50743,0.000901247,0.000901247,0.000901247
930,2368.34,1.13736,0.50408,0.84202,0.73067,0.45833,0.55882,0.17298,2.98377,1.1196,1.51189,0.000900422,0.000900422,0.000900422
931,2370.83,1.11929,0.50734,0.8453,0.68122,0.45833,0.52472,0.167,2.95918,1.09486,1.50314,0.000899597,0.000899597,0.000899597
932,2373.38,0.99628,0.58165,0.77611,0.67226,0.45833,0.47027,0.15455,2.91666,1.15575,1.48746,0.000898771,0.000898771,0.000898771
933,2376.07,1.08748,0.50572,0.84139,0.66879,0.45833,0.46842,0.14921,2.94875,1.2764,1.50144,0.000897946,0.000897946,0.000897946
934,2378.58,1.08652,0.48354,0.80308,0.66294,0.41667,0.44336,0.15162,2.92411,1.2879,1.48343,0.000897121,0.000897121,0.000897121
935,2381.1,1.12128,0.50347,0.83007,0.65161,0.41667,0.4566,0.17805,2.92242,1.22999,1.48331,0.000896296,0.000896296,0.000896296
936,2383.69,1.09493,0.48889,0.8451,0.61745,0.60571,0.53114,0.18338,2.8981,1.11537,1.47489,0.000895471,0.000895471,0.000895471
937,2386.18,1.05056,0.48105,0.8247,0.62837,0.54167,0.52842,0.18469,2.91747,1.05997,1.48168,0.000894646,0.000894646,0.000894646
938,2388.69,1.0494,0.48514,0.82572,0.689,0.54167,0.554,0.19303,2.92748,1.10862,1.47345,0.00089382,0.00089382,0.00089382
939,2391.24,1.10723,0.49227,0.82876,0.74646,0.61379,0.613,0.19971,2.90751,1.16276,1.46601,0.000892995,0.000892995,0.000892995
940,2393.85,1.01459,0.48308,0.80854,0.65734,0.66667,0.62449,0.20052,2.88405,1.28995,1.45619,0.00089217,0.00089217,0.00089217
941,2396.37,1.05953,0.47625,0.84524,0.75686,0.66667,0.62844,0.20314,2.85985,1.25995,1.4451,0.000891345,0.000891345,0.000891345
942,2398.89,1.20131,0.53172,0.82354,0.71257,0.70833,0.63964,0.20603,2.8508,1.11562,1.42836,0.00089052,0.00089052,0.00089052
943,2401.46,1.01525,0.46729,0.78678,0.74452,0.75,0.65338,0.208,2.83677,1.02865,1.41683,0.000889695,0.000889695,0.000889695
944,2404.04,1.10261,0.49606,0.82623,0.73739,0.70223,0.6451,0.21026,2.82762,1.04421,1.39813,0.000888869,0.000888869,0.000888869
945,2406.55,1.22724,0.529,0.84041,0.7373,0.70191,0.62244,0.20516,2.7976,1.12234,1.38217,0.000888044,0.000888044,0.000888044
946,2409.13,1.05876,0.48521,0.82052,0.65426,0.66667,0.55457,0.18655,2.76479,1.12347,1.37693,0.000887219,0.000887219,0.000887219
947,2411.66,1.08444,0.49577,0.8381,0.54926,0.58333,0.44213,0.15702,2.87193,1.16334,1.41854,0.000886394,0.000886394,0.000886394
948,2414.25,1.05536,0.47686,0.83256,0.60503,0.625,0.51038,0.16869,2.90309,1.22969,1.43064,0.000885569,0.000885569,0.000885569
949,2416.73,1.05562,0.47741,0.83361,0.68265,0.66667,0.54086,0.16456,2.91937,1.27373,1.45141,0.000884744,0.000884744,0.000884744
950,2419.27,1.215,0.53394,0.85892,0.68694,0.66667,0.55593,0.1646,2.95486,1.36212,1.46643,0.000883918,0.000883918,0.000883918
951,2421.81,1.02502,0.47848,0.83254,0.64133,0.625,0.52496,0.15387,2.9544,1.37431,1.47113,0.000883093,0.000883093,0.000883093
952,2424.53,1.09853,0.4774,0.82721,0.62675,0.58333,0.52749,0.166,2.88733,1.46186,1.44545,0.000882268,0.000882268,0.000882268
953,2427.09,1.02213,0.4881,0.81666,0.69419,0.45833,0.48152,0.15726,2.88982,1.63791,1.45591,0.000881443,0.000881443,0.000881443
954,2429.55,1.00042,0.46994,0.83344,0.69999,0.48663,0.48009,0.16768,2.85854,1.61612,1.44996,0.000880618,0.000880618,0.000880618
955,2432.1,1.02062,0.48485,0.82345,0.67484,0.5,0.48225,0.16021,2.89951,1.56679,1.47073,0.000879793,0.000879793,0.000879793
956,2434.61,1.10909,0.49416,0.83212,0.67998,0.58333,0.58897,0.17443,2.88541,1.60003,1.45478,0.000878967,0.000878967,0.000878967
957,2437.14,1.0862,0.51892,0.80201,0.66521,0.625,0.58708,0.17713,2.86806,1.85191,1.44895,0.000878142,0.000878142,0.000878142
958,2439.69,1.09293,0.49669,0.83983,0.6676,0.66667,0.61593,0.19242,2.79014,2.06205,1.40087,0.000877317,0.000877317,0.000877317
959,2442.24,1.06985,0.47228,0.82589,0.80043,0.625,0.64716,0.19745,2.735,2.21044,1.37018,0.000876492,0.000876492,0.000876492
960,2444.81,1.14686,0.49416,0.85046,0.70517,0.58333,0.63511,0.20441,2.77041,2.71858,1.38301,0.000875667,0.000875667,0.000875667
961,2447.34,1.08792,0.48093,0.82301,0.70055,0.625,0.63344,0.20644,2.80559,2.76154,1.41355,0.000874842,0.000874842,0.000874842
962,2449.88,1.07659,0.49259,0.82731,0.85316,0.72679,0.73295,0.21935,2.82707,2.23937,1.43301,0.000874016,0.000874016,0.000874016
963,2452.44,1.10524,0.48033,0.82827,0.82262,0.79167,0.74671,0.2239,2.82554,1.7354,1.43439,0.000873191,0.000873191,0.000873191
964,2455,1.02532,0.47343,0.8226,0.8475,0.79167,0.74577,0.20939,2.87007,1.67757,1.45667,0.000872366,0.000872366,0.000872366
965,2457.52,1.04477,0.49514,0.84222,0.84456,0.79167,0.74014,0.21269,2.85693,1.55874,1.44743,0.000871541,0.000871541,0.000871541
966,2460.08,1.05249,0.49036,0.81953,0.85433,0.79167,0.74525,0.23458,2.84201,1.17231,1.42751,0.000870716,0.000870716,0.000870716
967,2462.66,1.08062,0.49361,0.83364,0.84982,0.79167,0.74871,0.21235,2.8662,1.01177,1.42525,0.000869891,0.000869891,0.000869891
968,2465.21,1.04095,0.47929,0.77571,0.84882,0.70209,0.73427,0.20534,2.89729,1.08809,1.42543,0.000869065,0.000869065,0.000869065
969,2467.75,1.03589,0.47776,0.81535,0.80926,0.70717,0.71824,0.20361,2.90141,1.13579,1.44687,0.00086824,0.00086824,0.00086824
970,2470.32,1.0937,0.47843,0.83267,0.80832,0.70833,0.72192,0.21309,2.84833,1.0758,1.41034,0.000867415,0.000867415,0.000867415
971,2472.95,1.03837,0.47513,0.8212,0.78191,0.74704,0.73888,0.21651,2.87826,0.99315,1.41935,0.00086659,0.00086659,0.00086659
972,2475.48,1.11991,0.49386,0.82681,0.76535,0.58333,0.59265,0.19822,2.89584,0.99784,1.43239,0.000865765,0.000865765,0.000865765
973,2478.05,1.12737,0.49378,0.82238,0.69832,0.58333,0.60159,0.19556,2.9577,1.04214,1.45632,0.00086494,0.00086494,0.00086494
974,2480.55,1.08274,0.49493,0.83498,0.77695,0.58069,0.57468,0.19289,2.91478,1.06659,1.43401,0.000864114,0.000864114,0.000864114
975,2483.13,1.04561,0.47701,0.823,0.78854,0.625,0.63842,0.19282,2.92706,1.10465,1.43411,0.000863289,0.000863289,0.000863289
976,2485.76,1.05608,0.49682,0.83549,0.73887,0.70741,0.67063,0.19356,2.93796,1.07936,1.44884,0.000862464,0.000862464,0.000862464
977,2488.34,1.06509,0.48626,0.83437,0.71279,0.75,0.657,0.18901,2.94378,1.03538,1.4464,0.000861639,0.000861639,0.000861639
978,2490.85,1.04663,0.47421,0.8296,0.74569,0.75,0.66236,0.18284,2.98914,1.01247,1.45774,0.000860814,0.000860814,0.000860814
979,2493.45,1.0799,0.48091,0.82424,0.714,0.75,0.66112,0.18616,2.97713,1.0119,1.44804,0.000859989,0.000859989,0.000859989
980,2495.98,1.13778,0.52311,0.84913,0.70183,0.70833,0.62245,0.19921,2.87688,1.00201,1.39776,0.000859163,0.000859163,0.000859163
981,2498.54,1.1006,0.49402,0.81422,0.70273,0.70833,0.62083,0.20259,2.79967,0.98697,1.36864,0.000858338,0.000858338,0.000858338
982,2501.08,1.09684,0.48626,0.81846,0.8082,0.70255,0.66294,0.22718,2.74113,0.92525,1.36017,0.000857513,0.000857513,0.000857513
983,2503.67,1.06123,0.47395,0.82195,0.80878,0.70833,0.66729,0.23179,2.75989,0.86333,1.36131,0.000856688,0.000856688,0.000856688
984,2506.2,1.0681,0.48917,0.81867,0.77531,0.75,0.70754,0.22488,2.75734,0.86902,1.34827,0.000855863,0.000855863,0.000855863
985,2508.71,1.06388,0.48342,0.82944,0.84983,0.70833,0.70735,0.22203,2.82761,0.89676,1.39419,0.000855038,0.000855038,0.000855038
986,2511.33,1.02387,0.47849,0.8168,0.79858,0.75,0.71752,0.21452,2.83848,0.92103,1.41857,0.000854212,0.000854212,0.000854212
987,2513.88,1.02564,0.48507,0.83203,0.79656,0.70833,0.66455,0.21777,2.8427,0.92277,1.42079,0.000853387,0.000853387,0.000853387
988,2516.5,1.01497,0.47418,0.81264,0.74976,0.70833,0.66108,0.20542,2.90205,0.97819,1.43025,0.000852562,0.000852562,0.000852562
989,2519.08,0.99714,0.45881,0.77789,0.70577,0.70833,0.60606,0.18806,2.9405,1.06203,1.46616,0.000851737,0.000851737,0.000851737
990,2521.6,1.10131,0.50151,0.8339,0.77852,0.75,0.72837,0.20724,2.9095,1.09941,1.45233,0.000850912,0.000850912,0.000850912
991,2524.19,1.07179,0.47755,0.81497,0.81232,0.75,0.73573,0.20709,2.90192,1.04146,1.42811,0.000850087,0.000850087,0.000850087
992,2526.77,1.04577,0.4679,0.8294,0.82452,0.78343,0.72592,0.20654,2.93155,0.99254,1.45318,0.000849261,0.000849261,0.000849261
993,2529.33,0.99108,0.45917,0.81872,0.80058,0.70833,0.66257,0.20141,2.87551,0.9755,1.4311,0.000848436,0.000848436,0.000848436
994,2531.9,0.98952,0.48056,0.81893,0.76424,0.70833,0.64549,0.19962,2.90621,1.00443,1.47077,0.000847611,0.000847611,0.000847611
995,2534.41,1.10716,0.51128,0.81809,0.76554,0.66667,0.64811,0.21577,2.88169,1.06747,1.46536,0.000846786,0.000846786,0.000846786
996,2536.93,1.12428,0.486,0.83418,0.70747,0.70833,0.56836,0.19241,2.88886,1.09854,1.45225,0.000845961,0.000845961,0.000845961
997,2539.45,1.03887,0.45511,0.83976,0.71782,0.7422,0.62107,0.19861,2.83524,0.97475,1.40151,0.000845136,0.000845136,0.000845136
998,2541.98,1.16691,0.52567,0.83323,0.7238,0.79167,0.72065,0.22073,2.75518,0.91941,1.3442,0.00084431,0.00084431,0.00084431
999,2544.54,1.0517,0.48673,0.81216,0.75288,0.79167,0.72652,0.22013,2.79205,0.9118,1.38929,0.000843485,0.000843485,0.000843485
1000,2547.07,1.04316,0.50983,0.83338,0.67574,0.70833,0.63632,0.2126,2.83539,1.07863,1.39576,0.00084266,0.00084266,0.00084266
1001,2549.62,1.08045,0.47889,0.82793,0.67582,0.70833,0.64187,0.21278,2.83732,1.14632,1.4006,0.000841835,0.000841835,0.000841835
1002,2552.12,1.06392,0.48542,0.81603,0.66259,0.66667,0.64726,0.21694,2.84074,1.12298,1.39729,0.00084101,0.00084101,0.00084101
1003,2554.65,1.08421,0.49437,0.83804,0.73597,0.69722,0.65588,0.21567,2.88664,1.22243,1.39926,0.000840185,0.000840185,0.000840185
1004,2557.28,1.0457,0.47471,0.8257,0.75295,0.625,0.64225,0.18567,2.95053,1.33811,1.39007,0.00083936,0.00083936,0.00083936
1005,2559.8,1.0356,0.54744,0.82838,0.70271,0.66667,0.61762,0.17641,2.97043,1.26324,1.40268,0.000838534,0.000838534,0.000838534
1006,2562.32,1.12514,0.48791,0.82865,0.68124,0.66667,0.55836,0.16002,3.02147,1.2453,1.44484,0.000837709,0.000837709,0.000837709
1007,2564.9,1.03676,0.46486,0.84699,0.65488,0.66667,0.56808,0.16209,3.0597,1.24856,1.4661,0.000836884,0.000836884,0.000836884
1008,2567.45,1.05834,0.48724,0.83531,0.61792,0.58333,0.52428,0.16686,3.04465,1.30083,1.44949,0.000836059,0.000836059,0.000836059
1009,2569.97,1.0739,0.51035,0.8199,0.79683,0.49077,0.52732,0.17288,3.02019,1.4501,1.42879,0.000835234,0.000835234,0.000835234
1010,2572.52,1.10705,0.50897,0.86257,0.62038,0.58333,0.53138,0.18558,2.93182,1.45946,1.38464,0.000834409,0.000834409,0.000834409
1011,2575.06,1.05512,0.47003,0.83279,0.87401,0.57841,0.59706,0.19501,2.90904,1.37243,1.36929,0.000833583,0.000833583,0.000833583
1012,2577.65,0.99225,0.46382,0.81775,0.69279,0.66667,0.62237,0.18645,2.88466,1.20159,1.37591,0.000832758,0.000832758,0.000832758
1013,2580.21,1.03155,0.46808,0.82495,0.80281,0.67897,0.67272,0.19529,2.91504,1.11321,1.40319,0.000831933,0.000831933,0.000831933
1014,2582.8,0.99691,0.47065,0.80376,0.71645,0.58333,0.51406,0.17532,2.98519,1.10629,1.4433,0.000831108,0.000831108,0.000831108
1015,2585.32,1.10108,0.47717,0.81781,0.68381,0.58333,0.50257,0.16276,3.06657,1.19742,1.48196,0.000830283,0.000830283,0.000830283
1016,2587.84,1.07207,0.49959,0.82879,0.62508,0.54167,0.49123,0.16599,3.07195,1.36053,1.49148,0.000829458,0.000829458,0.000829458
1017,2590.38,1.03024,0.48368,0.82399,0.62897,0.5,0.49029,0.15713,3.04035,1.33138,1.46965,0.000828632,0.000828632,0.000828632
1018,2592.88,1.01551,0.47928,0.81458,0.66367,0.49363,0.48645,0.16796,2.99786,1.18254,1.45733,0.000827807,0.000827807,0.000827807
1019,2595.41,1.06979,0.47939,0.83755,0.64837,0.54167,0.51966,0.1762,2.9727,1.09814,1.46013,0.000826982,0.000826982,0.000826982
1020,2597.99,1.04048,0.4761,0.83093,0.66327,0.6569,0.56275,0.18657,2.96263,1.08654,1.45831,0.000826157,0.000826157,0.000826157
1021,2600.53,1.13465,0.4896,0.82847,0.72307,0.65319,0.56586,0.18475,2.94288,1.02721,1.4533,0.000825332,0.000825332,0.000825332
1022,2603.18,1.01614,0.46422,0.82607,0.67959,0.61886,0.52355,0.17815,3.01348,1.006,1.47677,0.000824507,0.000824507,0.000824507
1023,2605.69,1.08076,0.47284,0.82826,0.66169,0.66667,0.53669,0.16933,3.03284,0.96503,1.49061,0.000823681,0.000823681,0.000823681
1024,2608.32,1.04815,0.47749,0.81829,0.66519,0.66242,0.54745,0.17304,3.0096,0.97044,1.48092,0.000822856,0.000822856,0.000822856
1025,2610.82,1.07317,0.47778,0.83318,0.69919,0.66667,0.61647,0.18644,2.98619,1.01157,1.46212,0.000822031,0.000822031,0.000822031
1026,2613.5,1.00771,0.46531,0.82148,0.70077,0.54167,0.5478,0.16763,2.9486,1.07326,1.44601,0.000821206,0.000821206,0.000821206
1027,2616.01,1.03319,0.46962,0.83018,0.72532,0.58333,0.53202,0.17582,2.8979,1.14147,1.42365,0.000820381,0.000820381,0.000820381
1028,2618.64,0.97378,0.45314,0.77406,0.73201,0.625,0.54458,0.1822,2.82031,1.20094,1.38184,0.000819556,0.000819556,0.000819556
1029,2621.2,1.09332,0.47122,0.82647,0.7294,0.56212,0.51622,0.18836,2.8171,1.27982,1.36421,0.00081873,0.00081873,0.00081873
1030,2623.74,1.06382,0.49015,0.8083,0.83112,0.625,0.56131,0.1923,2.77976,1.28927,1.33444,0.000817905,0.000817905,0.000817905
1031,2626.28,1.01673,0.46047,0.82318,0.70535,0.54167,0.47688,0.17227,2.84936,1.25771,1.36462,0.00081708,0.00081708,0.00081708
1032,2628.85,1.00373,0.4687,0.82775,0.71187,0.54167,0.50172,0.15921,3.01409,1.2225,1.47172,0.000816255,0.000816255,0.000816255
1033,2631.39,1.00377,0.4989,0.77291,0.65167,0.5,0.44749,0.14906,3.07063,1.24261,1.51446,0.00081543,0.00081543,0.00081543
1034,2633.97,1.03695,0.47652,0.82304,0.61381,0.54167,0.45973,0.14811,3.02527,1.16973,1.51588,0.000814605,0.000814605,0.000814605
1035,2636.45,1.01163,0.45534,0.81498,0.69084,0.58333,0.49732,0.16142,2.985,1.13013,1.50216,0.000813779,0.000813779,0.000813779
1036,2639.06,1.02252,0.47481,0.81923,0.64352,0.54167,0.46598,0.15261,2.99419,1.12436,1.50008,0.000812954,0.000812954,0.000812954
1037,2641.66,0.97646,0.46607,0.81767,0.63074,0.56981,0.47126,0.15236,3.08321,1.1528,1.5474,0.000812129,0.000812129,0.000812129
1038,2644.22,1.15347,0.48886,0.83747,0.63348,0.54167,0.46159,0.14655,3.14273,1.26333,1.57815,0.000811304,0.000811304,0.000811304
1039,2646.76,0.99671,0.47041,0.81867,0.60625,0.51367,0.4501,0.15172,3.14801,1.47768,1.58578,0.000810479,0.000810479,0.000810479
1040,2649.32,1.02127,0.46279,0.81802,0.66137,0.5,0.45727,0.15309,3.12005,1.39567,1.58848,0.000809654,0.000809654,0.000809654
1041,2651.86,1.06576,0.47506,0.84519,0.66248,0.58333,0.46627,0.15073,3.04969,1.31632,1.54895,0.000808828,0.000808828,0.000808828
1042,2654.37,1.02643,0.46166,0.82963,0.64484,0.58333,0.46161,0.16484,2.98343,1.29289,1.51641,0.000808003,0.000808003,0.000808003
1043,2656.89,1.00171,0.44531,0.77355,0.67866,0.58333,0.4699,0.16383,2.96636,1.30279,1.49503,0.000807178,0.000807178,0.000807178
1044,2659.47,0.9728,0.45417,0.77115,0.70452,0.625,0.52661,0.18328,2.87516,1.21925,1.44054,0.000806353,0.000806353,0.000806353
1045,2662.1,0.93218,0.44325,0.77449,0.71411,0.625,0.53796,0.19919,2.86687,1.12859,1.43035,0.000805528,0.000805528,0.000805528
1046,2664.69,1.0155,0.47134,0.82093,0.70828,0.70815,0.59712,0.19575,2.89136,1.03259,1.43239,0.000804703,0.000804703,0.000804703
1047,2667.21,1.09744,0.49649,0.82476,0.75335,0.66667,0.59728,0.20803,2.88024,0.95719,1.42303,0.000803877,0.000803877,0.000803877
1048,2669.82,1.07206,0.48496,0.8151,0.75723,0.66667,0.60808,0.21193,2.92008,0.95426,1.43771,0.000803052,0.000803052,0.000803052
1049,2672.39,1.0303,0.47836,0.82401,0.73872,0.625,0.55062,0.20226,2.95816,0.99695,1.47112,0.000802227,0.000802227,0.000802227
1050,2674.96,1.02785,0.48047,0.82865,0.6671,0.58333,0.49377,0.19425,2.98173,1.05153,1.49745,0.000801402,0.000801402,0.000801402
1051,2677.48,1.06101,0.47203,0.82665,0.72278,0.625,0.53918,0.18316,3.0099,1.02643,1.50805,0.000800577,0.000800577,0.000800577
1052,2679.96,1.08193,0.49231,0.82022,0.73937,0.625,0.53335,0.17694,3.02759,0.98615,1.52244,0.000799752,0.000799752,0.000799752
1053,2682.54,1.03446,0.47801,0.83018,0.74585,0.625,0.54414,0.18031,2.97573,0.95502,1.49642,0.000798926,0.000798926,0.000798926
1054,2685.1,1.02413,0.48722,0.82391,0.74892,0.625,0.54337,0.19952,2.95998,0.94811,1.49668,0.000798101,0.000798101,0.000798101
1055,2687.6,1.03129,0.47335,0.81672,0.74806,0.625,0.56139,0.20045,2.92302,0.92932,1.47256,0.000797276,0.000797276,0.000797276
1056,2690.11,1.03448,0.4776,0.81365,0.74211,0.625,0.55982,0.19455,2.93021,0.95397,1.46251,0.000796451,0.000796451,0.000796451
1057,2692.6,1.01861,0.50497,0.82577,0.74025,0.625,0.53043,0.17447,3.00357,1.03896,1.48542,0.000795626,0.000795626,0.000795626
1058,2695.21,1.05526,0.47665,0.83537,0.73882,0.625,0.52593,0.17817,3.01837,1.16725,1.4797,0.000794801,0.000794801,0.000794801
1059,2697.72,0.97282,0.4743,0.80701,0.74165,0.625,0.53738,0.17447,2.98125,1.22392,1.46254,0.000793975,0.000793975,0.000793975
1060,2700.36,1.04275,0.47733,0.81694,0.78706,0.61639,0.54525,0.17996,2.93953,1.22814,1.44701,0.00079315,0.00079315,0.00079315
1061,2702.88,1.02281,0.47639,0.81302,0.74124,0.59727,0.54095,0.1905,2.91848,1.29264,1.43459,0.000792325,0.000792325,0.000792325
1062,2705.4,1.02677,0.47107,0.82833,0.82101,0.58333,0.55142,0.1818,2.97839,1.35656,1.46514,0.0007915,0.0007915,0.0007915
1063,2708.07,1.04006,0.47331,0.82125,0.82165,0.57625,0.55713,0.1878,2.97519,1.34195,1.46928,0.000790675,0.000790675,0.000790675
1064,2710.66,1.02722,0.4576,0.82419,0.82167,0.57629,0.55359,0.18298,2.96858,1.19141,1.4676,0.00078985,0.00078985,0.00078985
1065,2713.13,0.9955,0.46138,0.81406,0.82748,0.60014,0.55209,0.17895,2.98539,1.14947,1.47286,0.000789024,0.000789024,0.000789024
1066,2715.68,1.02308,0.4647,0.82307,0.82345,0.58303,0.54498,0.17752,3.03003,1.13826,1.50491,0.000788199,0.000788199,0.000788199
1067,2718.18,1.05045,0.49051,0.81904,0.73635,0.625,0.55096,0.1887,3.02996,1.09906,1.51555,0.000787374,0.000787374,0.000787374
1068,2720.73,1.10018,0.49182,0.8384,0.83127,0.54167,0.52761,0.19238,2.95788,1.11625,1.49036,0.000786549,0.000786549,0.000786549
1069,2723.3,1.04868,0.48358,0.82335,0.73786,0.625,0.56235,0.20341,2.87095,1.11551,1.45966,0.000785724,0.000785724,0.000785724
1070,2725.83,0.93382,0.44324,0.76492,0.82141,0.57531,0.55297,0.207,2.81231,1.04379,1.42706,0.000784899,0.000784899,0.000784899
1071,2728.29,0.98668,0.45134,0.77257,0.7086,0.625,0.54413,0.20861,2.84048,1.01643,1.4232,0.000784073,0.000784073,0.000784073
1072,2730.85,1.09858,0.47728,0.83653,0.74131,0.625,0.54571,0.20194,2.88328,1.00017,1.42948,0.000783248,0.000783248,0.000783248
1073,2733.4,1.02626,0.47084,0.83127,0.64915,0.625,0.51173,0.19381,2.90533,0.97805,1.44921,0.000782423,0.000782423,0.000782423
1074,2735.91,1.03049,0.47902,0.81915,0.65169,0.62372,0.5204,0.19996,2.87509,0.96728,1.43731,0.000781598,0.000781598,0.000781598
1075,2738.44,1.07849,0.48336,0.8196,0.78481,0.60838,0.57154,0.21745,2.83029,0.94944,1.42118,0.000780773,0.000780773,0.000780773
1076,2741.02,1.11692,0.49151,0.85188,0.78501,0.60908,0.56206,0.21049,2.83189,0.93657,1.42936,0.000779948,0.000779948,0.000779948
1077,2743.53,1.11171,0.52145,0.84551,0.83899,0.65185,0.61419,0.2262,2.79913,0.92713,1.41808,0.000779122,0.000779122,0.000779122
1078,2746.11,1.07905,0.48812,0.82734,0.83783,0.66667,0.6128,0.22487,2.82707,0.92279,1.43627,0.000778297,0.000778297,0.000778297
1079,2748.69,1.03725,0.46959,0.81285,0.79575,0.64983,0.60824,0.22356,2.8215,0.93139,1.42904,0.000777472,0.000777472,0.000777472
1080,2751.27,1.0094,0.47778,0.79946,0.75372,0.66667,0.61216,0.23542,2.8286,0.94242,1.44416,0.000776647,0.000776647,0.000776647
1081,2753.79,1.0459,0.46958,0.8304,0.75902,0.66667,0.61767,0.22875,2.85266,0.89825,1.45981,0.000775822,0.000775822,0.000775822
1082,2756.3,1.02684,0.46115,0.82586,0.78737,0.625,0.58065,0.22491,2.84356,0.85674,1.45497,0.000774997,0.000774997,0.000774997
1083,2758.9,0.97413,0.46298,0.7738,0.79341,0.66667,0.61677,0.23721,2.83063,0.85683,1.44404,0.000774171,0.000774171,0.000774171
1084,2761.51,1.01224,0.45756,0.83379,0.70728,0.70488,0.60991,0.23063,2.82518,0.87194,1.43509,0.000773346,0.000773346,0.000773346
1085,2764.21,1.04376,0.47712,0.82467,0.70627,0.70833,0.60723,0.22649,2.85393,0.87315,1.43176,0.000772521,0.000772521,0.000772521
1086,2766.88,1.04915,0.47764,0.84351,0.70822,0.70796,0.60838,0.24394,2.81684,0.86318,1.41563,0.000771696,0.000771696,0.000771696
1087,2769.47,1.02502,0.47051,0.82231,0.70125,0.625,0.55623,0.22465,2.82613,0.89692,1.41607,0.000770871,0.000770871,0.000770871
1088,2772.1,0.98629,0.46018,0.83524,0.70775,0.625,0.53921,0.22252,2.83305,0.90169,1.4223,0.000770046,0.000770046,0.000770046
1089,2774.61,0.99074,0.49093,0.82077,0.70724,0.625,0.54864,0.2207,2.83917,0.90038,1.42293,0.00076922,0.00076922,0.00076922
1090,2777.09,1.07802,0.4817,0.82996,0.70398,0.625,0.56995,0.22207,2.85792,0.88788,1.42254,0.000768395,0.000768395,0.000768395
1091,2779.6,1.04912,0.46967,0.82197,0.79352,0.625,0.6384,0.24118,2.82558,0.89208,1.4015,0.00076757,0.00076757,0.00076757
1092,2782.12,1.06664,0.47779,0.81853,0.71587,0.625,0.57315,0.21128,2.8556,0.89074,1.42222,0.000766745,0.000766745,0.000766745
1093,2784.7,1.05773,0.47378,0.83143,0.70873,0.625,0.57283,0.21206,2.90504,0.90826,1.44448,0.00076592,0.00076592,0.00076592
1094,2787.24,1.04879,0.48995,0.8066,0.6661,0.66504,0.56979,0.206,2.9158,0.93188,1.45967,0.000765095,0.000765095,0.000765095
1095,2789.8,1.03227,0.47626,0.82187,0.6227,0.625,0.52455,0.18974,2.941,0.93459,1.47032,0.000764269,0.000764269,0.000764269
1096,2792.33,1.05821,0.47679,0.8331,0.66285,0.66667,0.56788,0.18947,2.97741,0.93191,1.50046,0.000763444,0.000763444,0.000763444
1097,2794.84,0.9511,0.48547,0.78193,0.6621,0.66667,0.57284,0.17753,2.94425,0.92737,1.48088,0.000762619,0.000762619,0.000762619
1098,2797.34,0.97369,0.44627,0.77107,0.70397,0.70833,0.59497,0.18844,2.96115,0.93585,1.4795,0.000761794,0.000761794,0.000761794
1099,2799.94,1.05167,0.46895,0.80549,0.70394,0.70833,0.59802,0.19174,2.91553,0.94566,1.45422,0.000760969,0.000760969,0.000760969
1100,2802.48,0.98734,0.44238,0.78334,0.70777,0.70833,0.61055,0.18674,2.9496,0.94,1.45652,0.000760144,0.000760144,0.000760144
1101,2805.02,1.06293,0.47252,0.81649,0.73739,0.70221,0.62239,0.1979,2.92318,0.91912,1.4356,0.000759318,0.000759318,0.000759318
1102,2807.65,1.06486,0.48078,0.83185,0.73883,0.70729,0.62154,0.19725,2.89605,0.91292,1.42662,0.000758493,0.000758493,0.000758493
1103,2810.24,1.0656,0.48746,0.82035,0.7272,0.70833,0.62004,0.20079,2.90168,0.90766,1.43542,0.000757668,0.000757668,0.000757668
1104,2812.76,1.01245,0.46268,0.83198,0.69184,0.66667,0.59923,0.19661,2.91173,0.93135,1.4487,0.000756843,0.000756843,0.000756843
1105,2815.23,1.09667,0.48976,0.82532,0.6894,0.66667,0.5993,0.21043,2.91319,0.94254,1.45145,0.000756018,0.000756018,0.000756018
1106,2817.8,0.97583,0.45298,0.81879,0.68899,0.66667,0.59775,0.20343,2.92612,0.96062,1.45971,0.000755193,0.000755193,0.000755193
1107,2820.39,1.01927,0.45709,0.83117,0.69052,0.66667,0.59272,0.19343,2.96698,0.9544,1.49076,0.000754368,0.000754368,0.000754368
1108,2822.93,0.92694,0.42819,0.77603,0.73577,0.70833,0.6406,0.20344,2.96141,0.95006,1.47994,0.000753542,0.000753542,0.000753542
1109,2825.42,1.03793,0.46275,0.83314,0.69169,0.66667,0.62245,0.20125,2.98501,0.96,1.49088,0.000752717,0.000752717,0.000752717
1110,2827.93,1.03324,0.48887,0.82123,0.66582,0.66425,0.56204,0.19352,3.00012,0.98893,1.49624,0.000751892,0.000751892,0.000751892
1111,2830.52,0.98542,0.45319,0.77783,0.61509,0.66667,0.57002,0.2021,2.97916,0.99218,1.47909,0.000751067,0.000751067,0.000751067
1112,2833.07,0.93258,0.44205,0.77405,0.66683,0.70833,0.61691,0.19789,2.96354,0.98327,1.47374,0.000750242,0.000750242,0.000750242
1113,2835.59,0.99475,0.46199,0.83037,0.66779,0.70833,0.60794,0.19667,2.97567,0.98014,1.47228,0.000749417,0.000749417,0.000749417
1114,2838.1,1.07337,0.48308,0.82944,0.67076,0.70833,0.60631,0.19281,2.96559,0.97525,1.48234,0.000748591,0.000748591,0.000748591
1115,2840.58,0.974,0.4594,0.77515,0.70813,0.70765,0.5991,0.19505,2.95297,0.97148,1.48925,0.000747766,0.000747766,0.000747766
1116,2843.16,1.03502,0.45193,0.81753,0.69141,0.66667,0.59184,0.19575,2.97756,0.96369,1.50739,0.000746941,0.000746941,0.000746941
1117,2845.68,1.01082,0.45681,0.77016,0.69182,0.66667,0.588,0.18671,2.96142,0.96234,1.50471,0.000746116,0.000746116,0.000746116
1118,2848.25,1.06771,0.48456,0.84207,0.6923,0.66667,0.58047,0.1828,3.01662,0.97186,1.53171,0.000745291,0.000745291,0.000745291
1119,2850.88,0.97374,0.46171,0.77427,0.68586,0.66667,0.5953,0.18514,3.02317,0.98286,1.5372,0.000744466,0.000744466,0.000744466
1120,2853.52,1.0261,0.46474,0.82272,0.67796,0.58333,0.54232,0.17653,3.04917,0.97721,1.54065,0.00074364,0.00074364,0.00074364
1121,2856.1,1.12271,0.47809,0.83786,0.6777,0.58333,0.54875,0.18056,3.02319,0.97459,1.52054,0.000742815,0.000742815,0.000742815
1122,2858.61,0.9402,0.44155,0.8161,0.62392,0.625,0.55337,0.18898,3.00764,0.96561,1.50668,0.00074199,0.00074199,0.00074199
1123,2861.11,1.05282,0.47977,0.81788,0.60772,0.58333,0.50788,0.17819,2.99357,0.96257,1.49631,0.000741165,0.000741165,0.000741165
1124,2863.69,1.04996,0.50672,0.81666,0.63471,0.57935,0.50122,0.17597,2.9741,0.95988,1.47812,0.00074034,0.00074034,0.00074034
1125,2866.28,0.99489,0.47012,0.81937,0.6809,0.625,0.53548,0.17966,2.98093,0.96362,1.49056,0.000739515,0.000739515,0.000739515
1126,2868.89,0.96089,0.46029,0.81812,0.67506,0.625,0.54109,0.18705,2.96804,0.95226,1.48681,0.000738689,0.000738689,0.000738689
1127,2871.45,1.00491,0.45009,0.81866,0.62756,0.58333,0.48355,0.18056,2.9492,0.95747,1.47412,0.000737864,0.000737864,0.000737864
1128,2873.95,1.02105,0.46587,0.82625,0.59875,0.58333,0.48929,0.19494,2.91764,0.94672,1.45556,0.000737039,0.000737039,0.000737039
1129,2876.44,0.97839,0.45676,0.83232,0.62954,0.58333,0.52734,0.20147,2.91379,0.9436,1.44698,0.000736214,0.000736214,0.000736214
1130,2878.94,1.02109,0.46171,0.81994,0.67639,0.625,0.56681,0.21078,2.89032,0.9567,1.44119,0.000735389,0.000735389,0.000735389
1131,2881.51,1.03767,0.47948,0.82322,0.68123,0.62337,0.55453,0.20059,2.88699,1.01459,1.43401,0.000734564,0.000734564,0.000734564
1132,2884.04,1.00411,0.46059,0.77596,0.75229,0.54167,0.53919,0.18547,2.93285,1.15388,1.44117,0.000733738,0.000733738,0.000733738
1133,2886.66,0.99649,0.47252,0.78685,0.74746,0.54167,0.52908,0.18497,2.95726,1.33411,1.4521,0.000732913,0.000732913,0.000732913
1134,2889.26,1.12433,0.48947,0.83121,0.74397,0.54167,0.54359,0.16508,2.94844,1.42687,1.43735,0.000732088,0.000732088,0.000732088
1135,2891.77,1.01239,0.48964,0.82144,0.77407,0.57152,0.56211,0.17179,2.9589,1.43651,1.43264,0.000731263,0.000731263,0.000731263
1136,2894.35,1.13404,0.51518,0.83454,0.7772,0.625,0.59629,0.17942,2.93269,1.38756,1.41227,0.000730438,0.000730438,0.000730438
1137,2896.9,1.00501,0.48001,0.82675,0.75929,0.625,0.59608,0.18932,2.90524,1.40347,1.41123,0.000729613,0.000729613,0.000729613
1138,2899.42,0.96083,0.4502,0.77239,0.76032,0.66112,0.60577,0.18189,2.93471,1.48122,1.44209,0.000728787,0.000728787,0.000728787
1139,2902.04,1.04065,0.47485,0.82608,0.65922,0.56471,0.51357,0.17089,2.9382,1.40122,1.44704,0.000727962,0.000727962,0.000727962
1140,2904.65,1.01025,0.46061,0.82341,0.66256,0.625,0.51931,0.16903,2.9357,1.17117,1.43773,0.000727137,0.000727137,0.000727137
1141,2907.13,0.9611,0.44414,0.81349,0.67323,0.625,0.52656,0.17675,2.95072,1.04235,1.44908,0.000726312,0.000726312,0.000726312
1142,2909.75,1.05975,0.46746,0.82851,0.68917,0.625,0.53914,0.17719,2.97172,1.01931,1.46109,0.000725487,0.000725487,0.000725487
1143,2912.37,0.93183,0.44128,0.75995,0.74627,0.61317,0.52884,0.17631,2.97178,1.00212,1.45791,0.000724662,0.000724662,0.000724662
1144,2915.01,1.0555,0.46923,0.82733,0.67741,0.625,0.55037,0.18217,2.93339,0.93682,1.4565,0.000723836,0.000723836,0.000723836
1145,2917.62,1.01702,0.47594,0.82332,0.72327,0.66667,0.60236,0.19254,2.91257,0.91807,1.45593,0.000723011,0.000723011,0.000723011
1146,2920.19,1.0366,0.46991,0.81083,0.67815,0.625,0.56176,0.19225,2.88924,0.91192,1.44873,0.000722186,0.000722186,0.000722186
1147,2922.78,0.98939,0.46732,0.81265,0.6776,0.625,0.5542,0.19405,2.87294,0.93083,1.45598,0.000721361,0.000721361,0.000721361
1148,2925.35,0.94268,0.43408,0.77874,0.65007,0.625,0.54226,0.20024,2.89808,0.95762,1.47954,0.000720536,0.000720536,0.000720536
1149,2927.89,1.04755,0.4684,0.83709,0.76586,0.70833,0.62438,0.20586,2.89492,0.97433,1.48529,0.000719711,0.000719711,0.000719711
1150,2930.45,1.03025,0.48221,0.82876,0.76768,0.70833,0.61759,0.20025,2.90187,0.98932,1.48655,0.000718885,0.000718885,0.000718885
1151,2932.98,0.95102,0.49186,0.77537,0.67682,0.625,0.52754,0.18367,2.92286,0.996,1.49545,0.00071806,0.00071806,0.00071806
1152,2935.51,1.03782,0.46318,0.84158,0.68003,0.625,0.55227,0.1886,2.92174,0.98312,1.48976,0.000717235,0.000717235,0.000717235
1153,2937.99,1.03725,0.46796,0.83554,0.68157,0.625,0.54935,0.18723,2.91144,0.96153,1.48405,0.00071641,0.00071641,0.00071641
1154,2940.5,0.99732,0.45922,0.82276,0.72544,0.66667,0.58148,0.18811,2.9192,0.93115,1.47973,0.000715585,0.000715585,0.000715585
1155,2943.01,1.03018,0.46689,0.8266,0.67925,0.625,0.54092,0.18525,2.94998,0.93075,1.49466,0.00071476,0.00071476,0.00071476
1156,2945.59,1.04254,0.49973,0.82211,0.72455,0.66667,0.57617,0.18495,2.9446,0.94111,1.49025,0.000713934,0.000713934,0.000713934
1157,2948.14,1.02372,0.46323,0.8316,0.76976,0.70833,0.63234,0.20233,2.89489,0.95496,1.46379,0.000713109,0.000713109,0.000713109
1158,2950.69,1.03242,0.47566,0.82206,0.76931,0.70833,0.63851,0.20254,2.88689,0.97735,1.45165,0.000712284,0.000712284,0.000712284
1159,2953.33,1.04504,0.46788,0.82683,0.7686,0.70833,0.64636,0.1973,2.87445,1.01054,1.45242,0.000711459,0.000711459,0.000711459
1160,2955.97,1.05012,0.46409,0.83195,0.77112,0.70833,0.68766,0.20552,2.86744,1.02996,1.46665,0.000710634,0.000710634,0.000710634
1161,2958.45,1.10148,0.48716,0.83764,0.76662,0.70833,0.68883,0.21516,2.84762,1.00484,1.46592,0.000709809,0.000709809,0.000709809
1162,2960.97,1.04604,0.46387,0.82787,0.71789,0.74248,0.61793,0.20676,2.85155,0.99114,1.45745,0.000708983,0.000708983,0.000708983
1163,2963.53,0.98993,0.45383,0.83301,0.69242,0.65692,0.5752,0.20147,2.87523,0.95551,1.4514,0.000708158,0.000708158,0.000708158
1164,2966.13,1.01148,0.46502,0.83452,0.85739,0.79167,0.76909,0.21811,2.82687,0.94582,1.41151,0.000707333,0.000707333,0.000707333
1165,2968.64,1.05936,0.46537,0.80587,0.85663,0.79167,0.76704,0.22066,2.80097,0.9325,1.40202,0.000706508,0.000706508,0.000706508
1166,2971.23,1.0334,0.45131,0.81322,0.80699,0.75,0.68838,0.20226,2.83482,0.96146,1.42711,0.000705683,0.000705683,0.000705683
1167,2973.73,0.97004,0.47043,0.8252,0.76068,0.70833,0.61884,0.18688,2.88207,1.00929,1.46191,0.000704858,0.000704858,0.000704858
1168,2976.36,1.06946,0.48125,0.82116,0.6774,0.625,0.53687,0.18343,2.93502,1.05154,1.47521,0.000704032,0.000704032,0.000704032
1169,2978.94,1.03463,0.47238,0.84471,0.63616,0.58333,0.47181,0.17198,2.97233,1.10891,1.49568,0.000703207,0.000703207,0.000703207
1170,2981.5,0.9974,0.4622,0.81192,0.71274,0.62048,0.52046,0.17197,2.94531,1.06042,1.4911,0.000702382,0.000702382,0.000702382
1171,2984.07,0.99323,0.44306,0.80701,0.75728,0.66667,0.57955,0.17757,2.92215,0.98786,1.47315,0.000701557,0.000701557,0.000701557
1172,2986.66,1.02752,0.48545,0.81067,0.6998,0.625,0.54358,0.18769,2.8849,0.91924,1.4445,0.000700732,0.000700732,0.000700732
1173,2989.26,0.96616,0.44664,0.82675,0.69579,0.625,0.55293,0.18401,2.86956,0.87966,1.45747,0.000699907,0.000699907,0.000699907
1174,2991.77,1.00124,0.46937,0.82627,0.70155,0.625,0.56453,0.19312,2.85969,0.87716,1.45618,0.000699081,0.000699081,0.000699081
1175,2994.3,1.02006,0.46759,0.84329,0.70561,0.625,0.55285,0.19529,2.86909,0.89331,1.46619,0.000698256,0.000698256,0.000698256
1176,2996.88,0.97822,0.45948,0.81766,0.69385,0.625,0.53317,0.19239,2.88281,0.9299,1.46545,0.000697431,0.000697431,0.000697431
1177,2999.45,1.09161,0.57126,0.85242,0.67996,0.625,0.53085,0.19089,2.86635,0.93987,1.45553,0.000696606,0.000696606,0.000696606
1178,3002.04,1.03205,0.46381,0.81985,0.67602,0.625,0.53271,0.20523,2.82636,0.95299,1.43352,0.000695781,0.000695781,0.000695781
1179,3004.58,0.95323,0.45488,0.81241,0.67651,0.625,0.5293,0.20596,2.80712,0.92944,1.41003,0.000694956,0.000694956,0.000694956
1180,3007.14,0.97723,0.44777,0.83126,0.67703,0.625,0.52663,0.21188,2.76115,0.91648,1.4014,0.00069413,0.00069413,0.00069413
1181,3009.78,1.06919,0.47212,0.81359,0.67759,0.625,0.52288,0.20727,2.75811,0.92629,1.40176,0.000693305,0.000693305,0.000693305
1182,3012.26,1.03445,0.4462,0.84007,0.72572,0.66168,0.56603,0.20827,2.80317,0.94615,1.42975,0.00069248,0.00069248,0.00069248
1183,3014.85,0.96985,0.45511,0.82201,0.74723,0.625,0.53908,0.20706,2.79668,0.9564,1.43728,0.000691655,0.000691655,0.000691655
1184,3017.45,1.03613,0.48027,0.82627,0.74847,0.62015,0.53961,0.21773,2.804,0.99394,1.43422,0.00069083,0.00069083,0.00069083
1185,3019.99,1.03915,0.46401,0.81191,0.65135,0.58333,0.5001,0.19781,2.76311,1.01241,1.3971,0.000690005,0.000690005,0.000690005
1186,3022.49,0.98916,0.46448,0.80926,0.63938,0.58333,0.51235,0.20147,2.74247,0.97695,1.39377,0.000689179,0.000689179,0.000689179
1187,3024.98,0.91955,0.43918,0.81566,0.69486,0.66429,0.55034,0.21168,2.74916,0.93017,1.39214,0.000688354,0.000688354,0.000688354
1188,3027.48,1.00608,0.44528,0.82364,0.69299,0.66667,0.58079,0.21159,2.7822,0.91107,1.3959,0.000687529,0.000687529,0.000687529
1189,3030.01,0.88918,0.4683,0.77081,0.69447,0.66309,0.58516,0.20533,2.80868,0.90317,1.42086,0.000686704,0.000686704,0.000686704
1190,3032.51,0.96271,0.44342,0.81019,0.63524,0.58333,0.50946,0.1894,2.80967,0.93792,1.40794,0.000685879,0.000685879,0.000685879
1191,3035.02,1.00326,0.45464,0.82495,0.63348,0.58333,0.51114,0.19352,2.82255,0.92341,1.41146,0.000685054,0.000685054,0.000685054
1192,3037.6,0.98211,0.43397,0.82332,0.67889,0.625,0.57321,0.19677,2.81125,0.93215,1.40431,0.000684228,0.000684228,0.000684228
1193,3040.18,0.92114,0.4419,0.81745,0.65057,0.58333,0.48016,0.18225,2.84105,0.96051,1.41371,0.000683403,0.000683403,0.000683403
1194,3042.66,1.09987,0.48775,0.82673,0.65861,0.58333,0.4876,0.17923,2.86509,0.94253,1.45474,0.000682578,0.000682578,0.000682578
1195,3045.17,0.97649,0.44648,0.80996,0.65966,0.58333,0.50666,0.19968,2.8314,0.9298,1.44507,0.000681753,0.000681753,0.000681753
1196,3047.71,0.95079,0.43874,0.82678,0.65971,0.58333,0.51673,0.19678,2.86056,0.92615,1.46316,0.000680928,0.000680928,0.000680928
1197,3050.25,0.97893,0.44947,0.82979,0.65027,0.61998,0.53605,0.21562,2.87576,0.93035,1.47377,0.000680103,0.000680103,0.000680103
1198,3052.77,1.0301,0.46905,0.82797,0.69427,0.66251,0.5893,0.21491,2.89111,0.93259,1.46392,0.000679277,0.000679277,0.000679277
1199,3055.32,0.98276,0.44314,0.83185,0.69459,0.66347,0.59054,0.21878,2.88656,0.91362,1.45869,0.000678452,0.000678452,0.000678452
1200,3057.84,1.04424,0.45675,0.82339,0.69423,0.66239,0.5928,0.21198,2.85634,0.8792,1.44939,0.000677627,0.000677627,0.000677627
1201,3060.45,0.98492,0.45262,0.82272,0.72385,0.66667,0.62654,0.21466,2.82105,0.88372,1.42781,0.000676802,0.000676802,0.000676802
1202,3063.02,0.97517,0.43334,0.82642,0.72568,0.66667,0.64898,0.22234,2.79946,0.88894,1.40923,0.000675977,0.000675977,0.000675977
1203,3065.56,0.98756,0.44511,0.80755,0.72638,0.66667,0.65744,0.22411,2.79848,0.88055,1.40997,0.000675152,0.000675152,0.000675152
1204,3068.17,1.11202,0.79524,0.8503,0.76794,0.70833,0.76765,0.24615,2.72288,0.86398,1.37448,0.000674327,0.000674327,0.000674327
1205,3070.71,0.96328,0.45106,0.79677,0.76756,0.70833,0.75036,0.24859,2.70234,0.86499,1.37314,0.000673501,0.000673501,0.000673501
1206,3073.25,0.97861,0.46456,0.81718,0.77127,0.70833,0.72182,0.24095,2.73372,0.86019,1.39067,0.000672676,0.000672676,0.000672676
1207,3075.84,1.02393,0.44212,0.82249,0.84952,0.70581,0.71619,0.23864,2.72998,0.88213,1.38884,0.000671851,0.000671851,0.000671851
1208,3078.35,0.93716,0.45028,0.80889,0.78924,0.66667,0.62915,0.2288,2.76156,0.91876,1.40179,0.000671026,0.000671026,0.000671026
1209,3080.86,1.09021,0.49681,0.84558,0.75603,0.66667,0.58992,0.21453,2.74328,0.92987,1.40014,0.000670201,0.000670201,0.000670201
1210,3083.41,1.01241,0.45989,0.81975,0.76724,0.70833,0.61853,0.21705,2.77215,0.94159,1.4087,0.000669376,0.000669376,0.000669376
1211,3085.9,1.03537,0.47392,0.81061,0.72052,0.66667,0.56543,0.20218,2.7845,0.96655,1.39687,0.00066855,0.00066855,0.00066855
1212,3088.43,0.97211,0.44737,0.80959,0.72034,0.66667,0.55779,0.19871,2.80541,0.97718,1.40265,0.000667725,0.000667725,0.000667725
1213,3090.98,0.95786,0.43961,0.81044,0.69937,0.58167,0.52,0.19187,2.8039,0.97225,1.39781,0.0006669,0.0006669,0.0006669
1214,3093.51,1.03517,0.46028,0.8117,0.67684,0.625,0.53738,0.18921,2.7802,0.96059,1.38419,0.000666075,0.000666075,0.000666075
1215,3096.1,1.05188,0.47027,0.819,0.67697,0.625,0.55288,0.19513,2.77719,0.9628,1.38304,0.00066525,0.00066525,0.00066525
1216,3098.72,0.97232,0.45772,0.81317,0.63242,0.6456,0.55114,0.19392,2.79417,1.01122,1.38499,0.000664425,0.000664425,0.000664425
1217,3101.25,1.01506,0.47404,0.82475,0.69546,0.58333,0.52138,0.18798,2.8228,1.05848,1.39785,0.000663599,0.000663599,0.000663599
1218,3103.81,1.01519,0.46828,0.81735,0.69845,0.58333,0.51678,0.18304,2.81588,1.09073,1.39737,0.000662774,0.000662774,0.000662774
1219,3106.33,0.97205,0.44597,0.77448,0.69991,0.58309,0.48913,0.18062,2.83578,1.10391,1.42129,0.000661949,0.000661949,0.000661949
1220,3108.85,0.99617,0.46324,0.81304,0.69901,0.58073,0.49266,0.19712,2.83293,1.13364,1.42244,0.000661124,0.000661124,0.000661124
1221,3111.45,1.00004,0.45048,0.81303,0.74694,0.6153,0.54383,0.18395,2.8575,1.1205,1.4338,0.000660299,0.000660299,0.000660299
1222,3113.99,1.00522,0.45792,0.80715,0.66723,0.625,0.55063,0.19543,2.84225,1.04366,1.4383,0.000659474,0.000659474,0.000659474
1223,3116.62,1.05204,0.47515,0.83133,0.67377,0.625,0.57557,0.20654,2.78901,0.99891,1.40579,0.000658648,0.000658648,0.000658648
1224,3119.19,1.07818,0.45556,0.82959,0.67394,0.625,0.57619,0.19907,2.83572,1.00871,1.42851,0.000657823,0.000657823,0.000657823
1225,3121.71,0.94505,0.43986,0.82402,0.56343,0.66667,0.53741,0.20694,2.82256,0.99861,1.42706,0.000656998,0.000656998,0.000656998
1226,3124.3,0.99344,0.44382,0.82724,0.56291,0.66667,0.54988,0.21599,2.81022,0.97644,1.41807,0.000656173,0.000656173,0.000656173
1227,3126.85,0.95659,0.43402,0.814,0.56535,0.66667,0.54848,0.21847,2.81702,0.96279,1.41697,0.000655348,0.000655348,0.000655348
1228,3129.39,0.98985,0.45799,0.81082,0.6751,0.625,0.58407,0.20821,2.8354,0.9809,1.4108,0.000654523,0.000654523,0.000654523
1229,3131.87,0.96424,0.43874,0.80762,0.71345,0.62257,0.55723,0.20254,2.86253,1.03692,1.41063,0.000653697,0.000653697,0.000653697
1230,3134.39,0.98924,0.45189,0.81448,0.70643,0.625,0.54091,0.19719,2.86638,1.07626,1.41322,0.000652872,0.000652872,0.000652872
1231,3136.9,0.96892,0.44312,0.82061,0.70242,0.625,0.53434,0.19403,2.87607,1.08311,1.4224,0.000652047,0.000652047,0.000652047
1232,3139.51,0.92282,0.43404,0.8016,0.67381,0.625,0.5342,0.19424,2.88522,1.07199,1.4369,0.000651222,0.000651222,0.000651222
1233,3142.02,0.9075,0.42847,0.78073,0.63012,0.58333,0.48803,0.1867,2.92955,1.09176,1.46685,0.000650397,0.000650397,0.000650397
1234,3144.54,0.99246,0.44884,0.81053,0.63542,0.58333,0.48827,0.17954,2.94684,1.11459,1.48206,0.000649572,0.000649572,0.000649572
1235,3147.17,1.0257,0.45292,0.81822,0.70054,0.625,0.53173,0.18162,2.95304,1.10785,1.48336,0.000648746,0.000648746,0.000648746
1236,3149.81,1.06675,0.51014,0.79744,0.69596,0.625,0.53304,0.17227,2.96152,1.09513,1.48406,0.000647921,0.000647921,0.000647921
1237,3152.34,0.98969,0.45319,0.81203,0.68626,0.63837,0.55935,0.17753,2.94871,1.08283,1.48073,0.000647096,0.000647096,0.000647096
1238,3154.84,0.93866,0.44401,0.81667,0.69267,0.66667,0.56942,0.18091,2.94002,1.05961,1.482,0.000646271,0.000646271,0.000646271
1239,3157.37,1.07524,0.48005,0.82462,0.68308,0.66667,0.56906,0.18947,2.92066,1.02965,1.4754,0.000645446,0.000645446,0.000645446
1240,3159.96,1.0378,0.47103,0.85129,0.68922,0.66667,0.56187,0.19496,2.85681,0.9992,1.4425,0.000644621,0.000644621,0.000644621
1241,3162.46,0.95388,0.44271,0.81846,0.68981,0.66667,0.56121,0.20076,2.83313,1.00359,1.42967,0.000643795,0.000643795,0.000643795
1242,3165.1,1.07901,0.47318,0.8328,0.71826,0.66667,0.57355,0.20865,2.84341,1.03283,1.43551,0.00064297,0.00064297,0.00064297
1243,3167.68,0.93972,0.43203,0.81382,0.69032,0.66667,0.56824,0.20164,2.82698,1.09521,1.42634,0.000642145,0.000642145,0.000642145
1244,3170.27,0.98694,0.45285,0.82337,0.6735,0.54167,0.52703,0.1921,2.8207,1.17912,1.41855,0.00064132,0.00064132,0.00064132
1245,3172.79,1.01251,0.46755,0.82621,0.62425,0.58333,0.52248,0.19665,2.82681,1.1578,1.41969,0.000640495,0.000640495,0.000640495
1246,3175.34,0.97128,0.43829,0.80458,0.67881,0.625,0.56628,0.2064,2.82224,1.09113,1.41963,0.00063967,0.00063967,0.00063967
1247,3177.9,0.96667,0.45237,0.82789,0.70769,0.7062,0.5999,0.20793,2.81373,1.04916,1.41731,0.000638844,0.000638844,0.000638844
1248,3180.57,0.97902,0.44877,0.82503,0.66328,0.65693,0.57127,0.20648,2.8279,1.04236,1.42047,0.000638019,0.000638019,0.000638019
1249,3183.12,0.99502,0.46058,0.81839,0.64412,0.625,0.57062,0.20962,2.79725,1.02918,1.41177,0.000637194,0.000637194,0.000637194
1250,3185.67,0.97518,0.45272,0.83023,0.67737,0.625,0.57687,0.21374,2.81473,1.01507,1.41615,0.000636369,0.000636369,0.000636369
1251,3188.21,1.02353,0.4451,0.81527,0.67399,0.625,0.56876,0.20381,2.82878,0.97528,1.41999,0.000635544,0.000635544,0.000635544
1252,3190.91,1.0174,0.59988,0.83792,0.67553,0.625,0.56805,0.20822,2.8743,0.99819,1.43079,0.000634719,0.000634719,0.000634719
1253,3193.36,1.04298,0.46292,0.82517,0.64786,0.58333,0.52456,0.19402,2.9347,1.06379,1.4537,0.000633893,0.000633893,0.000633893
1254,3195.89,0.95404,0.44176,0.82663,0.66517,0.5796,0.5136,0.18096,2.98329,1.07525,1.47467,0.000633068,0.000633068,0.000633068
1255,3198.38,0.93918,0.42919,0.80812,0.67241,0.54167,0.50489,0.16933,3.03819,1.08397,1.51326,0.000632243,0.000632243,0.000632243
1256,3200.94,1.01465,0.47312,0.83116,0.67346,0.54167,0.47983,0.1788,3.014,1.08066,1.49746,0.000631418,0.000631418,0.000631418
1257,3203.51,0.96124,0.45854,0.81877,0.6745,0.54167,0.49783,0.1891,2.99785,1.05113,1.50102,0.000630593,0.000630593,0.000630593
1258,3206.02,1.00788,0.47506,0.80769,0.72358,0.58333,0.53768,0.20542,2.95589,1.01133,1.48928,0.000629768,0.000629768,0.000629768
1259,3208.56,0.94246,0.4531,0.81368,0.68988,0.58333,0.55682,0.21727,2.87242,0.98448,1.45459,0.000628942,0.000628942,0.000628942
1260,3211.09,0.98848,0.44291,0.83339,0.78639,0.614,0.6282,0.22396,2.81911,0.94935,1.43793,0.000628117,0.000628117,0.000628117
1261,3213.7,1.00013,0.45127,0.80969,0.6717,0.625,0.60353,0.22788,2.80869,0.93686,1.43899,0.000627292,0.000627292,0.000627292
1262,3216.27,1.02398,0.46531,0.81821,0.67396,0.625,0.59174,0.21271,2.86722,0.95707,1.45909,0.000626467,0.000626467,0.000626467
1263,3218.85,1.00758,0.45801,0.81182,0.76161,0.53291,0.56239,0.19712,2.91845,0.96729,1.48061,0.000625642,0.000625642,0.000625642
1264,3221.4,0.94182,0.42871,0.82774,0.67586,0.625,0.597,0.20152,2.91594,0.96881,1.47432,0.000624817,0.000624817,0.000624817
1265,3223.92,0.87438,0.44092,0.80201,0.7291,0.58333,0.57063,0.19648,2.90511,0.9521,1.46577,0.000623991,0.000623991,0.000623991
1266,3226.45,1.00038,0.47621,0.81035,0.77695,0.58069,0.57311,0.21096,2.87977,0.94883,1.4459,0.000623166,0.000623166,0.000623166
1267,3229.03,0.96198,0.43886,0.80346,0.67808,0.625,0.58225,0.20897,2.86261,0.97322,1.44206,0.000622341,0.000622341,0.000622341
1268,3231.7,0.99059,0.46911,0.81177,0.73537,0.57913,0.55854,0.20355,2.85892,1.01464,1.4514,0.000621516,0.000621516,0.000621516
1269,3234.22,0.89802,0.41634,0.76746,0.70761,0.58333,0.54786,0.20202,2.84477,1.04483,1.45405,0.000620691,0.000620691,0.000620691
1270,3236.76,1.03386,0.46596,0.8212,0.6961,0.58333,0.54486,0.20076,2.84085,1.11356,1.45757,0.000619866,0.000619866,0.000619866
1271,3239.29,0.99809,0.44447,0.82946,0.77765,0.58293,0.54035,0.19736,2.83933,1.1663,1.46116,0.00061904,0.00061904,0.00061904
1272,3241.86,1.15513,0.49832,0.88847,0.77563,0.57649,0.54374,0.19503,2.84509,1.22057,1.46765,0.000618215,0.000618215,0.000618215
1273,3244.37,0.9568,0.45207,0.81782,0.71671,0.58333,0.5169,0.19952,2.82855,1.27516,1.4562,0.00061739,0.00061739,0.00061739
1274,3246.89,0.98091,0.45335,0.82524,0.73181,0.58333,0.52373,0.20381,2.79914,1.30878,1.43849,0.000616565,0.000616565,0.000616565
1275,3249.42,0.91107,0.43367,0.80878,0.78312,0.625,0.56115,0.20423,2.78999,1.38625,1.42488,0.00061574,0.00061574,0.00061574
1276,3252.05,0.90778,0.42742,0.82166,0.75509,0.66667,0.59701,0.21157,2.78393,1.5093,1.41307,0.000614915,0.000614915,0.000614915
1277,3254.55,0.9133,0.41513,0.78684,0.76126,0.6644,0.59065,0.21755,2.79601,1.52852,1.41541,0.000614089,0.000614089,0.000614089
1278,3257.07,1.01264,0.45942,0.81781,0.75841,0.65443,0.5921,0.22111,2.79966,1.61297,1.41722,0.000613264,0.000613264,0.000613264
1279,3259.66,0.97266,0.47498,0.80898,0.73726,0.625,0.57945,0.21696,2.82307,1.92035,1.42347,0.000612439,0.000612439,0.000612439
1280,3262.35,0.91582,0.43287,0.81567,0.70643,0.625,0.54248,0.20672,2.84013,2.36512,1.43346,0.000611614,0.000611614,0.000611614
1281,3264.93,0.98,0.455,0.81284,0.69778,0.58333,0.50942,0.20346,2.83628,2.42341,1.42268,0.000610789,0.000610789,0.000610789
1282,3267.47,0.99842,0.44887,0.81451,0.69505,0.58333,0.51551,0.20219,2.83119,2.36634,1.41421,0.000609964,0.000609964,0.000609964
1283,3269.98,0.969,0.44635,0.81553,0.69497,0.58333,0.50127,0.19608,2.81212,2.31614,1.40235,0.000609138,0.000609138,0.000609138
1284,3272.56,0.99252,0.44286,0.81857,0.68372,0.58333,0.4901,0.19541,2.81838,2.28137,1.40503,0.000608313,0.000608313,0.000608313
1285,3275.11,0.99537,0.45135,0.82016,0.73201,0.625,0.53509,0.20279,2.82659,2.08347,1.41067,0.000607488,0.000607488,0.000607488
1286,3277.69,0.88723,0.42022,0.80091,0.68532,0.58333,0.49376,0.18907,2.8544,2.00789,1.42318,0.000606663,0.000606663,0.000606663
1287,3280.29,1.01077,0.47102,0.81879,0.692,0.58333,0.49206,0.17948,2.87823,2.07655,1.43322,0.000605838,0.000605838,0.000605838
1288,3282.88,0.90021,0.41922,0.76347,0.71475,0.54167,0.4969,0.17947,2.89944,2.09716,1.4548,0.000605013,0.000605013,0.000605013
1289,3285.45,1.00362,0.45213,0.82232,0.66984,0.50753,0.50087,0.17653,2.88538,2.08964,1.45063,0.000604187,0.000604187,0.000604187
1290,3288.05,1.05716,0.47517,0.84573,0.67976,0.54167,0.50574,0.17715,2.90294,2.15151,1.46304,0.000603362,0.000603362,0.000603362
1291,3290.6,0.92167,0.43246,0.82293,0.71296,0.51805,0.49896,0.175,2.9176,2.29085,1.46873,0.000602537,0.000602537,0.000602537
1292,3293.13,0.97924,0.43946,0.82175,0.69162,0.45833,0.48639,0.1644,2.94648,2.39185,1.47613,0.000601712,0.000601712,0.000601712
1293,3295.67,0.96774,0.5218,0.79813,0.73683,0.5,0.49782,0.17243,2.94775,2.33672,1.47741,0.000600887,0.000600887,0.000600887
1294,3298.23,1.10573,0.53487,0.82525,0.65346,0.5,0.50867,0.18203,2.92233,2.14296,1.46461,0.000600062,0.000600062,0.000600062
1295,3300.78,0.88546,0.48073,0.76718,0.65708,0.55937,0.50873,0.19089,2.89254,2.03157,1.45317,0.000599236,0.000599236,0.000599236
1296,3303.45,0.94801,0.44576,0.80171,0.64139,0.54167,0.50982,0.18743,2.89678,1.98103,1.45581,0.000598411,0.000598411,0.000598411
1297,3306.01,1.04866,0.47274,0.81715,0.66975,0.54167,0.49582,0.17172,2.90612,1.96342,1.46705,0.000597586,0.000597586,0.000597586
1298,3308.57,0.99135,0.46939,0.83231,0.65605,0.55679,0.49308,0.18502,2.86423,1.93455,1.45834,0.000596761,0.000596761,0.000596761
1299,3311.13,0.96103,0.45379,0.82372,0.7168,0.625,0.55066,0.19507,2.84622,1.84384,1.44902,0.000595936,0.000595936,0.000595936
1300,3313.72,1.00793,0.46221,0.81835,0.73682,0.58326,0.50955,0.18448,2.87532,1.79662,1.46431,0.000595111,0.000595111,0.000595111
1301,3316.27,1.00079,0.47874,0.80641,0.73143,0.5679,0.51595,0.1766,2.90965,1.77437,1.47888,0.000594286,0.000594286,0.000594286
1302,3318.81,1.02858,0.44929,0.82868,0.70609,0.54167,0.52171,0.1756,2.94242,1.7083,1.4947,0.00059346,0.00059346,0.00059346
1303,3321.37,1.04509,0.45083,0.82878,0.7257,0.54167,0.52787,0.17782,2.9609,1.82795,1.51466,0.000592635,0.000592635,0.000592635
1304,3324.03,0.99826,0.4456,0.82251,0.68841,0.5,0.46488,0.16639,2.94853,2.1832,1.53081,0.00059181,0.00059181,0.00059181
1305,3326.6,0.91076,0.42528,0.81857,0.68602,0.5,0.44549,0.1634,2.91962,2.33044,1.52867,0.000590985,0.000590985,0.000590985
1306,3329.08,1.00927,0.44742,0.82548,0.63126,0.45833,0.38528,0.16473,2.88626,2.16489,1.51304,0.00059016,0.00059016,0.00059016
1307,3331.6,0.91287,0.42576,0.82233,0.67624,0.5,0.43979,0.18353,2.86094,1.85853,1.49204,0.000589335,0.000589335,0.000589335
1308,3334.18,0.99158,0.42741,0.82477,0.68336,0.53965,0.45012,0.18252,2.84119,1.51395,1.47444,0.000588509,0.000588509,0.000588509
1309,3336.73,0.95869,0.43613,0.81363,0.68339,0.54167,0.45308,0.18482,2.8383,1.41494,1.46354,0.000587684,0.000587684,0.000587684
1310,3339.25,0.95405,0.43218,0.82011,0.73621,0.58154,0.52102,0.18579,2.8346,1.39936,1.4561,0.000586859,0.000586859,0.000586859
1311,3341.83,0.94414,0.43512,0.82708,0.78869,0.62222,0.58307,0.1966,2.80067,1.37124,1.43728,0.000586034,0.000586034,0.000586034
1312,3344.45,0.99603,0.44121,0.83288,0.78844,0.6213,0.58107,0.19408,2.77613,1.36785,1.43047,0.000585209,0.000585209,0.000585209
1313,3346.96,0.98199,0.44395,0.81843,0.7969,0.58333,0.57699,0.19148,2.75964,1.44272,1.41728,0.000584384,0.000584384,0.000584384
1314,3349.51,0.91045,0.4226,0.7754,0.79495,0.58333,0.57082,0.19084,2.77207,1.53526,1.42039,0.000583558,0.000583558,0.000583558
1315,3352.16,0.9562,0.45152,0.8077,0.79776,0.58333,0.57018,0.20092,2.75269,1.50126,1.41918,0.000582733,0.000582733,0.000582733
1316,3354.73,0.98486,0.46865,0.81068,0.7399,0.625,0.57823,0.21074,2.74094,1.36797,1.41491,0.000581908,0.000581908,0.000581908
1317,3357.32,1.00801,0.48452,0.82362,0.74141,0.625,0.58032,0.20484,2.72969,1.28373,1.40703,0.000581083,0.000581083,0.000581083
1318,3359.87,0.9559,0.46847,0.80577,0.74191,0.625,0.58487,0.19562,2.72898,1.21985,1.41236,0.000580258,0.000580258,0.000580258
1319,3362.47,0.90144,0.41925,0.76781,0.74709,0.625,0.57971,0.20373,2.73871,1.18632,1.43,0.000579433,0.000579433,0.000579433
1320,3365.01,0.91008,0.43783,0.80542,0.78894,0.62308,0.57482,0.2036,2.74091,1.22889,1.42939,0.000578607,0.000578607,0.000578607
1321,3367.5,0.9429,0.4473,0.81012,0.78835,0.621,0.57612,0.20809,2.74264,1.22663,1.42987,0.000577782,0.000577782,0.000577782
1322,3370.05,0.91677,0.41868,0.77091,0.78798,0.61968,0.57512,0.20495,2.75352,1.24478,1.42885,0.000576957,0.000576957,0.000576957
1323,3372.64,1.03161,0.47112,0.82064,0.78817,0.62036,0.57277,0.20301,2.76095,1.29875,1.42193,0.000576132,0.000576132,0.000576132
1324,3375.22,0.92049,0.45224,0.80042,0.78705,0.625,0.57455,0.20642,2.77425,1.30968,1.41703,0.000575307,0.000575307,0.000575307
1325,3377.76,0.97911,0.44625,0.80746,0.78265,0.625,0.57965,0.20588,2.77103,1.24222,1.41795,0.000574482,0.000574482,0.000574482
1326,3380.31,0.92551,0.44505,0.82174,0.729,0.58333,0.54405,0.19691,2.76985,1.21746,1.40822,0.000573656,0.000573656,0.000573656
1327,3382.86,0.92644,0.44242,0.77456,0.73228,0.58333,0.54684,0.18925,2.79578,1.22444,1.42059,0.000572831,0.000572831,0.000572831
1328,3385.41,0.90155,0.41864,0.76959,0.73182,0.58333,0.5507,0.19301,2.81415,1.25203,1.42393,0.000572006,0.000572006,0.000572006
1329,3387.93,0.94416,0.44861,0.82849,0.73424,0.58333,0.54456,0.19179,2.81365,1.27877,1.42244,0.000571181,0.000571181,0.000571181
1330,3390.48,0.96552,0.45329,0.80191,0.82148,0.5756,0.55555,0.19369,2.80521,1.33116,1.41653,0.000570356,0.000570356,0.000570356
1331,3393.05,1.01261,0.45714,0.83564,0.82296,0.58119,0.55778,0.19569,2.77768,1.34434,1.40798,0.000569531,0.000569531,0.000569531
1332,3395.76,0.87167,0.39769,0.76367,0.80575,0.58333,0.55796,0.20232,2.76564,1.32732,1.40757,0.000568705,0.000568705,0.000568705
1333,3398.34,0.94694,0.43452,0.82588,0.8009,0.58333,0.55885,0.20428,2.76162,1.25382,1.40769,0.00056788,0.00056788,0.00056788
1334,3400.83,0.93764,0.43015,0.80789,0.79516,0.58333,0.57974,0.21479,2.74753,1.14495,1.40799,0.000567055,0.000567055,0.000567055
1335,3403.38,0.88616,0.41962,0.8129,0.78792,0.58333,0.58554,0.21873,2.74148,1.07296,1.41035,0.00056623,0.00056623,0.00056623
1336,3405.97,1.0137,0.47668,0.80722,0.78456,0.58333,0.56536,0.2143,2.75867,1.02034,1.4289,0.000565405,0.000565405,0.000565405
1337,3408.5,0.97491,0.43563,0.81752,0.78386,0.58333,0.5618,0.21509,2.74154,1.0013,1.42022,0.00056458,0.00056458,0.00056458
1338,3411.06,0.94972,0.45855,0.81185,0.75946,0.66667,0.59727,0.22877,2.72582,0.98316,1.40776,0.000563754,0.000563754,0.000563754
1339,3413.58,0.94311,0.44163,0.81425,0.75966,0.66667,0.6014,0.23307,2.75191,0.98175,1.41531,0.000562929,0.000562929,0.000562929
1340,3416.14,0.95675,0.4465,0.80146,0.71172,0.625,0.55819,0.20862,2.80662,1.01878,1.44058,0.000562104,0.000562104,0.000562104
1341,3418.64,0.93014,0.45907,0.76845,0.71209,0.625,0.54931,0.20218,2.83155,1.07339,1.45492,0.000561279,0.000561279,0.000561279
1342,3421.2,1.04727,0.48587,0.83202,0.71295,0.625,0.55446,0.20322,2.84215,1.10281,1.46549,0.000560454,0.000560454,0.000560454
1343,3423.75,0.90485,0.42197,0.82692,0.71386,0.62376,0.54767,0.20073,2.83391,1.12544,1.45846,0.000559629,0.000559629,0.000559629
1344,3426.25,1.00906,0.45338,0.8432,0.76046,0.66162,0.58385,0.21614,2.81506,1.09361,1.45203,0.000558803,0.000558803,0.000558803
1345,3428.85,0.92704,0.43147,0.81596,0.71331,0.62216,0.55306,0.20838,2.81107,1.07059,1.44407,0.000557978,0.000557978,0.000557978
1346,3431.42,0.86325,0.4274,0.81692,0.71821,0.66667,0.59601,0.21587,2.79459,1.00793,1.43946,0.000557153,0.000557153,0.000557153
1347,3433.93,0.89751,0.42501,0.80885,0.76844,0.70833,0.66762,0.23027,2.78221,0.98918,1.427,0.000556328,0.000556328,0.000556328
1348,3436.56,0.94459,0.43071,0.80319,0.81467,0.75,0.69298,0.22353,2.78485,0.98403,1.43504,0.000555503,0.000555503,0.000555503
1349,3439.15,0.90569,0.40496,0.77089,0.76971,0.70833,0.64382,0.2181,2.76987,0.97631,1.42452,0.000554678,0.000554678,0.000554678
1350,3441.72,0.98056,0.43299,0.82487,0.81513,0.75,0.67906,0.21539,2.77078,0.98452,1.42225,0.000553852,0.000553852,0.000553852
1351,3444.2,0.93077,0.45411,0.8068,0.81504,0.75,0.67718,0.22023,2.76132,1.01664,1.42801,0.000553027,0.000553027,0.000553027
1352,3446.77,1.00799,0.45547,0.82637,0.85989,0.79167,0.72984,0.2213,2.75154,1.04091,1.43318,0.000552202,0.000552202,0.000552202
1353,3449.23,0.94783,0.43141,0.82705,0.81339,0.75,0.66948,0.21656,2.74279,1.06043,1.42817,0.000551377,0.000551377,0.000551377
1354,3451.81,0.95979,0.43099,0.83054,0.81202,0.75,0.66512,0.20273,2.79092,1.09639,1.45203,0.000550552,0.000550552,0.000550552
1355,3454.34,0.98182,0.45233,0.79883,0.72051,0.66667,0.5519,0.19332,2.82654,1.13227,1.46033,0.000549727,0.000549727,0.000549727
1356,3456.89,0.97554,0.42704,0.83849,0.71339,0.62238,0.53454,0.19118,2.8875,1.15501,1.48411,0.000548901,0.000548901,0.000548901
1357,3459.44,0.9955,0.47795,0.81969,0.71268,0.625,0.52938,0.18946,2.91279,1.14438,1.49351,0.000548076,0.000548076,0.000548076
1358,3461.98,1.00405,0.45133,0.81249,0.70944,0.625,0.5422,0.19408,2.8962,1.12015,1.4842,0.000547251,0.000547251,0.000547251
1359,3464.54,0.93394,0.42478,0.81516,0.709,0.625,0.54719,0.19474,2.86691,1.07073,1.4776,0.000546426,0.000546426,0.000546426
1360,3467.1,0.88369,0.39946,0.76458,0.75675,0.66667,0.61469,0.20601,2.84353,1.05075,1.46321,0.000545601,0.000545601,0.000545601
1361,3469.66,0.90163,0.41586,0.82152,0.75681,0.66667,0.60781,0.20489,2.82092,1.06433,1.45496,0.000544776,0.000544776,0.000544776
1362,3472.16,0.98023,0.44677,0.82928,0.7575,0.66667,0.59907,0.205,2.80146,1.0846,1.443,0.00054395,0.00054395,0.00054395
1363,3474.67,1.00046,0.45408,0.8134,0.7579,0.66667,0.59468,0.19925,2.80093,1.09841,1.45152,0.000543125,0.000543125,0.000543125
1364,3477.27,0.99941,0.4564,0.81484,0.80523,0.70833,0.64637,0.20401,2.78827,1.09077,1.44506,0.0005423,0.0005423,0.0005423
1365,3479.79,0.92299,0.43526,0.82494,0.80431,0.70833,0.64024,0.20937,2.77361,1.06878,1.44156,0.000541475,0.000541475,0.000541475
1366,3482.44,1.01376,0.45983,0.82777,0.80446,0.70833,0.62924,0.20729,2.75929,1.06419,1.42841,0.00054065,0.00054065,0.00054065
1367,3485.1,0.92072,0.42524,0.8097,0.80534,0.70833,0.62183,0.20816,2.7468,1.07663,1.42523,0.000539825,0.000539825,0.000539825
1368,3487.67,0.84972,0.40093,0.77155,0.76587,0.70833,0.62569,0.19984,2.7661,1.13397,1.43373,0.000538999,0.000538999,0.000538999
1369,3490.2,0.90711,0.43113,0.80379,0.76628,0.70833,0.63432,0.19708,2.76732,1.17307,1.43439,0.000538174,0.000538174,0.000538174
1370,3492.72,0.8719,0.41439,0.77462,0.85686,0.79167,0.7382,0.22231,2.74431,1.18061,1.42636,0.000537349,0.000537349,0.000537349
1371,3495.29,0.90855,0.43106,0.80506,0.81127,0.75,0.66966,0.21544,2.73208,1.1806,1.41856,0.000536524,0.000536524,0.000536524
1372,3497.84,0.97423,0.4467,0.80519,0.81078,0.75,0.66823,0.21688,2.71681,1.19754,1.40786,0.000535699,0.000535699,0.000535699
1373,3500.37,0.86338,0.41769,0.77108,0.85535,0.79167,0.73137,0.21888,2.69692,1.2068,1.40276,0.000534874,0.000534874,0.000534874
1374,3502.93,0.87656,0.42253,0.76542,0.8546,0.79167,0.73128,0.22811,2.69131,1.20876,1.40087,0.000534048,0.000534048,0.000534048
1375,3505.49,0.93692,0.43155,0.82404,0.85233,0.79167,0.73301,0.2223,2.70614,1.25411,1.40902,0.000533223,0.000533223,0.000533223
1376,3508.01,0.89977,0.40689,0.81007,0.84882,0.79167,0.73161,0.22328,2.6816,1.33561,1.40208,0.000532398,0.000532398,0.000532398
1377,3510.48,0.89449,0.44125,0.79201,0.85218,0.79167,0.73129,0.22465,2.67438,1.38468,1.40122,0.000531573,0.000531573,0.000531573
1378,3512.97,0.91318,0.42545,0.81436,0.85645,0.79167,0.72667,0.2315,2.65111,1.39141,1.39297,0.000530748,0.000530748,0.000530748
1379,3515.52,0.90893,0.42535,0.8115,0.86359,0.79135,0.72727,0.23021,2.64098,1.33277,1.38981,0.000529923,0.000529923,0.000529923
1380,3518.11,0.97924,0.47437,0.81423,0.8628,0.7863,0.72726,0.24023,2.63366,1.32932,1.38338,0.000529097,0.000529097,0.000529097
1381,3520.68,0.89266,0.42353,0.8089,0.86176,0.77961,0.72278,0.23444,2.64167,1.3778,1.3896,0.000528272,0.000528272,0.000528272
1382,3523.24,0.91426,0.41575,0.80502,0.86182,0.78002,0.73212,0.22797,2.65928,1.36539,1.39989,0.000527447,0.000527447,0.000527447
1383,3525.81,0.85214,0.39222,0.77151,0.86189,0.78046,0.7285,0.22147,2.67,1.31723,1.40853,0.000526622,0.000526622,0.000526622
1384,3528.46,0.88397,0.42511,0.76664,0.8994,0.74525,0.72733,0.2084,2.70898,1.29012,1.42236,0.000525797,0.000525797,0.000525797
1385,3530.99,0.96918,0.55712,0.82437,0.89909,0.75,0.72519,0.19029,2.76208,1.30575,1.44984,0.000524972,0.000524972,0.000524972
1386,3533.67,0.95379,0.43028,0.81493,0.82513,0.70833,0.66246,0.18279,2.79407,1.389,1.45866,0.000524146,0.000524146,0.000524146
1387,3536.19,0.93473,0.44214,0.79802,0.72601,0.625,0.53798,0.17173,2.83474,1.43648,1.4772,0.000523321,0.000523321,0.000523321
1388,3538.82,0.9604,0.43588,0.81358,0.69518,0.58333,0.47996,0.17026,2.87278,1.42729,1.49425,0.000522496,0.000522496,0.000522496
1389,3541.4,0.96523,0.45378,0.83206,0.64079,0.58333,0.48804,0.17479,2.88365,1.38446,1.49441,0.000521671,0.000521671,0.000521671
1390,3543.99,0.91592,0.43352,0.80328,0.62564,0.58333,0.49729,0.17417,2.91724,1.3399,1.50694,0.000520846,0.000520846,0.000520846
1391,3546.52,0.95763,0.43504,0.8278,0.62818,0.58333,0.50134,0.17787,2.91177,1.30754,1.49793,0.000520021,0.000520021,0.000520021
1392,3549.1,0.99215,0.44341,0.82445,0.71767,0.66667,0.57847,0.18077,2.87955,1.30609,1.47851,0.000519195,0.000519195,0.000519195
1393,3551.66,0.90632,0.42651,0.83493,0.72349,0.66667,0.56885,0.17591,2.8542,1.33734,1.46326,0.00051837,0.00051837,0.00051837
1394,3554.17,0.86218,0.42316,0.76965,0.7269,0.66667,0.56893,0.1785,2.85797,1.41387,1.46273,0.000517545,0.000517545,0.000517545
1395,3556.7,0.87538,0.42062,0.82468,0.7464,0.66667,0.56807,0.17863,2.8888,1.47665,1.48167,0.00051672,0.00051672,0.00051672
1396,3559.26,0.94772,0.43015,0.83735,0.79698,0.6547,0.57295,0.18235,2.9147,1.59961,1.5011,0.000515895,0.000515895,0.000515895
1397,3561.82,0.97141,0.43911,0.836,0.79745,0.65658,0.57811,0.17326,2.90731,1.66392,1.49692,0.00051507,0.00051507,0.00051507
1398,3564.36,0.89386,0.43797,0.79872,0.74476,0.625,0.52814,0.17407,2.8911,1.67941,1.48992,0.000514244,0.000514244,0.000514244
1399,3566.87,0.92012,0.42128,0.81383,0.74157,0.625,0.51509,0.17263,2.87938,1.69722,1.48273,0.000513419,0.000513419,0.000513419
1400,3569.45,0.91223,0.42472,0.82125,0.69716,0.57584,0.47025,0.16305,2.89244,1.77617,1.48195,0.000512594,0.000512594,0.000512594
1401,3571.98,0.98077,0.43307,0.81908,0.65847,0.54167,0.46078,0.15992,2.89493,1.80077,1.48585,0.000511769,0.000511769,0.000511769
1402,3574.52,1.04864,0.45329,0.81683,0.6136,0.5,0.39457,0.15398,2.901,1.86569,1.47654,0.000510944,0.000510944,0.000510944
1403,3577.05,0.94831,0.43894,0.82541,0.72812,0.58333,0.48939,0.16821,2.89029,1.95339,1.47513,0.000510119,0.000510119,0.000510119
1404,3579.64,1.06308,0.46853,0.85426,0.71401,0.58333,0.50613,0.17381,2.86274,1.93791,1.45839,0.000509294,0.000509294,0.000509294
1405,3582.19,0.96098,0.44282,0.80372,0.70509,0.58333,0.50712,0.17227,2.85424,1.95345,1.44947,0.000508468,0.000508468,0.000508468
1406,3584.77,0.98342,0.45497,0.81798,0.61558,0.5,0.41799,0.16585,2.87309,1.9878,1.4585,0.000507643,0.000507643,0.000507643
1407,3587.4,0.89674,0.42142,0.81439,0.66845,0.54167,0.47404,0.16948,2.90762,2.05362,1.47646,0.000506818,0.000506818,0.000506818
1408,3589.98,1.0615,0.49949,0.85078,0.61029,0.5,0.42557,0.16924,2.94155,2.1505,1.49672,0.000505993,0.000505993,0.000505993
1409,3592.53,1.02251,0.44724,0.83154,0.60511,0.5,0.43262,0.17121,2.92793,2.18773,1.48562,0.000505168,0.000505168,0.000505168
1410,3595.08,0.98755,0.43399,0.82927,0.6068,0.51487,0.43258,0.1744,2.91367,2.10245,1.47426,0.000504343,0.000504343,0.000504343
1411,3597.63,1.00111,0.47876,0.82137,0.61014,0.54167,0.43259,0.17462,2.93149,1.99532,1.47718,0.000503517,0.000503517,0.000503517
1412,3600.22,0.98211,0.45016,0.8257,0.61617,0.54167,0.42945,0.16176,2.9176,1.73425,1.46848,0.000502692,0.000502692,0.000502692
1413,3602.74,0.9499,0.43208,0.81469,0.61957,0.54167,0.42964,0.16103,2.93111,1.57684,1.47493,0.000501867,0.000501867,0.000501867
1414,3605.28,0.91616,0.43657,0.81165,0.62007,0.54167,0.43407,0.16245,2.95158,1.53314,1.48377,0.000501042,0.000501042,0.000501042
1415,3607.83,0.92623,0.43921,0.80881,0.62542,0.54167,0.4455,0.16991,2.96987,1.49893,1.49159,0.000500217,0.000500217,0.000500217
1416,3610.38,0.98151,0.47163,0.81216,0.63513,0.54167,0.44823,0.16689,2.94555,1.42847,1.47965,0.000499392,0.000499392,0.000499392
1417,3612.92,0.99126,0.45904,0.81636,0.63389,0.54167,0.44232,0.17065,2.93165,1.37354,1.46944,0.000498566,0.000498566,0.000498566
1418,3615.43,0.91808,0.4336,0.82706,0.63526,0.54167,0.43313,0.16463,2.92939,1.37506,1.46684,0.000497741,0.000497741,0.000497741
1419,3617.97,0.94106,0.42688,0.81361,0.63527,0.54167,0.43807,0.16588,2.91851,1.4397,1.45893,0.000496916,0.000496916,0.000496916
1420,3620.59,0.89188,0.4208,0.80682,0.62576,0.54167,0.43875,0.1705,2.92426,1.60843,1.4651,0.000496091,0.000496091,0.000496091
1421,3623.05,0.87233,0.42417,0.79665,0.62951,0.54167,0.43833,0.16877,2.90197,1.76469,1.456,0.000495266,0.000495266,0.000495266
1422,3625.57,0.92646,0.43135,0.8234,0.59702,0.5,0.42948,0.17553,2.899,1.93431,1.46497,0.000494441,0.000494441,0.000494441
1423,3628.06,0.91164,0.41786,0.82273,0.60878,0.45408,0.41936,0.17398,2.89789,2.2081,1.46986,0.000493615,0.000493615,0.000493615
1424,3630.72,0.93338,0.4246,0.8107,0.53518,0.43227,0.40345,0.1733,2.89652,2.52412,1.47704,0.00049279,0.00049279,0.00049279
1425,3633.27,0.9263,0.42074,0.80792,0.64463,0.375,0.38827,0.16351,2.90549,2.69109,1.48121,0.000491965,0.000491965,0.000491965
1426,3635.92,0.94928,0.4348,0.81424,0.64399,0.375,0.39503,0.16607,2.90423,2.70635,1.48199,0.00049114,0.00049114,0.00049114
1427,3638.5,0.92954,0.42719,0.81158,0.60056,0.41667,0.39531,0.16493,2.89761,2.61186,1.47819,0.000490315,0.000490315,0.000490315
1428,3641.04,0.87142,0.41227,0.76778,0.50397,0.5,0.41862,0.17342,2.90489,2.43448,1.4836,0.00048949,0.00048949,0.00048949
1429,3643.6,0.91662,0.42431,0.823,0.63458,0.5,0.43068,0.17963,2.88683,2.26538,1.47276,0.000488664,0.000488664,0.000488664
1430,3646.13,0.9338,0.43502,0.80002,0.63747,0.5,0.43296,0.18005,2.86183,2.12341,1.45207,0.000487839,0.000487839,0.000487839
1431,3648.68,0.97048,0.4358,0.81737,0.69317,0.54167,0.47755,0.17662,2.86003,2.04253,1.44766,0.000487014,0.000487014,0.000487014
1432,3651.29,0.99378,0.4458,0.8157,0.69547,0.54167,0.48207,0.1787,2.84498,1.91265,1.43504,0.000486189,0.000486189,0.000486189
1433,3653.82,0.92896,0.43027,0.82202,0.69197,0.54167,0.4815,0.17851,2.86192,1.94585,1.44462,0.000485364,0.000485364,0.000485364
1434,3656.39,0.92372,0.42225,0.81406,0.68739,0.54167,0.47884,0.17605,2.8922,1.99844,1.45464,0.000484539,0.000484539,0.000484539
1435,3658.91,0.92834,0.42836,0.82151,0.68715,0.54943,0.47963,0.17525,2.90387,2.02987,1.45839,0.000483713,0.000483713,0.000483713
1436,3661.48,0.91333,0.41932,0.80914,0.68797,0.54167,0.48505,0.18149,2.88743,1.9546,1.44591,0.000482888,0.000482888,0.000482888
1437,3664.03,0.91388,0.42393,0.82145,0.68513,0.54167,0.49145,0.18528,2.86664,1.92063,1.43611,0.000482063,0.000482063,0.000482063
1438,3666.56,0.99576,0.45118,0.81834,0.66752,0.54167,0.49022,0.1851,2.85507,1.8943,1.42072,0.000481238,0.000481238,0.000481238
1439,3669.05,0.92043,0.42694,0.78106,0.65169,0.54167,0.49033,0.18949,2.85137,1.86029,1.42269,0.000480413,0.000480413,0.000480413
1440,3671.6,0.96951,0.45011,0.81885,0.6739,0.54167,0.48552,0.18322,2.86416,1.93202,1.42692,0.000479588,0.000479588,0.000479588
1441,3674.16,0.9816,0.44534,0.82872,0.67179,0.54167,0.49028,0.18691,2.89035,1.95613,1.44005,0.000478762,0.000478762,0.000478762
1442,3676.65,0.94344,0.44729,0.81165,0.67353,0.54167,0.48957,0.18479,2.91404,1.97579,1.44583,0.000477937,0.000477937,0.000477937
1443,3679.23,0.93047,0.42883,0.82173,0.68786,0.54167,0.48792,0.17265,2.96312,1.96909,1.46866,0.000477112,0.000477112,0.000477112
1444,3681.83,0.8914,0.40321,0.80501,0.61471,0.54167,0.43299,0.16581,2.99713,1.97739,1.4888,0.000476287,0.000476287,0.000476287
1445,3684.46,0.93682,0.45081,0.80193,0.66415,0.58333,0.48773,0.17451,3.019,2.00895,1.49932,0.000475462,0.000475462,0.000475462
1446,3687.01,0.85794,0.39711,0.82889,0.6599,0.58333,0.49272,0.17147,2.98813,2.15808,1.48919,0.000474637,0.000474637,0.000474637
1447,3689.52,0.97797,0.44086,0.82078,0.65973,0.58333,0.4871,0.16142,2.99072,2.3414,1.49242,0.000473811,0.000473811,0.000473811
1448,3692.13,0.97733,0.46236,0.80214,0.65873,0.58333,0.47795,0.15955,2.98455,2.48785,1.49191,0.000472986,0.000472986,0.000472986
1449,3694.66,0.97931,0.46748,0.81401,0.629,0.54167,0.42288,0.15454,2.95893,2.48237,1.48358,0.000472161,0.000472161,0.000472161
1450,3697.15,0.87369,0.41852,0.76419,0.62669,0.54167,0.41856,0.15946,2.94086,2.45994,1.47067,0.000471336,0.000471336,0.000471336
1451,3699.66,0.97064,0.45465,0.81848,0.62878,0.54167,0.41809,0.16221,2.94846,2.37993,1.47183,0.000470511,0.000470511,0.000470511
1452,3702.28,0.93853,0.42123,0.8243,0.63112,0.54167,0.3994,0.15508,2.95976,2.2641,1.4783,0.000469686,0.000469686,0.000469686
1453,3704.83,0.86512,0.41364,0.81667,0.63249,0.54167,0.4123,0.14758,2.96107,2.23756,1.48261,0.00046886,0.00046886,0.00046886
1454,3707.35,0.92009,0.42702,0.81343,0.65659,0.54167,0.42112,0.15669,2.97566,2.19091,1.49497,0.000468035,0.000468035,0.000468035
1455,3709.89,0.95785,0.47154,0.82001,0.68227,0.54167,0.42924,0.15825,2.99423,2.10877,1.50648,0.00046721,0.00046721,0.00046721
1456,3712.5,0.91837,0.42097,0.80285,0.67669,0.52381,0.42929,0.15484,2.98821,2.05307,1.50728,0.000466385,0.000466385,0.000466385
1457,3715,1.00845,0.44449,0.82406,0.70345,0.54167,0.48134,0.17249,2.97121,2.01297,1.49588,0.00046556,0.00046556,0.00046556
1458,3717.62,0.93158,0.43079,0.82116,0.70957,0.54167,0.4682,0.16988,2.93773,1.97332,1.48146,0.000464735,0.000464735,0.000464735
1459,3720.18,0.92641,0.42289,0.81839,0.65591,0.5,0.41728,0.16842,2.90003,1.96709,1.46945,0.000463909,0.000463909,0.000463909
1460,3722.76,0.93286,0.44722,0.808,0.7077,0.54167,0.48264,0.17525,2.88071,1.90037,1.45115,0.000463084,0.000463084,0.000463084
1461,3725.25,1.01377,0.44622,0.80038,0.68102,0.54167,0.478,0.1714,2.86162,1.8617,1.44503,0.000462259,0.000462259,0.000462259
1462,3727.78,0.87099,0.41787,0.80795,0.67872,0.5,0.47313,0.17222,2.8507,1.88027,1.44185,0.000461434,0.000461434,0.000461434
1463,3730.27,0.84577,0.39254,0.75853,0.79628,0.48915,0.48301,0.17896,2.84677,1.92095,1.44158,0.000460609,0.000460609,0.000460609
1464,3732.83,0.87186,0.42446,0.81638,0.79833,0.49512,0.4862,0.1844,2.82804,1.98494,1.42948,0.000459784,0.000459784,0.000459784
1465,3735.4,0.91486,0.40669,0.82368,0.79843,0.49543,0.48425,0.18651,2.8237,1.969,1.42828,0.000458958,0.000458958,0.000458958
1466,3738.04,0.91921,0.4177,0.81512,0.74188,0.45833,0.4762,0.17632,2.8124,1.97639,1.42322,0.000458133,0.000458133,0.000458133
1467,3740.57,0.94315,0.4387,0.81166,0.7963,0.5,0.4781,0.17415,2.80896,1.9776,1.427,0.000457308,0.000457308,0.000457308
1468,3743.2,0.93893,0.4289,0.80627,0.79097,0.5,0.46585,0.17222,2.82055,2.07486,1.43806,0.000456483,0.000456483,0.000456483
1469,3745.7,0.8961,0.41868,0.81075,0.73059,0.45234,0.40174,0.16461,2.82721,2.25791,1.4492,0.000455658,0.000455658,0.000455658
1470,3748.25,0.94242,0.4262,0.8216,0.71888,0.45833,0.40254,0.1637,2.83393,2.4192,1.45409,0.000454833,0.000454833,0.000454833
1471,3750.77,0.90889,0.4297,0.80019,0.60375,0.41667,0.39141,0.15838,2.84691,2.56711,1.45569,0.000454007,0.000454007,0.000454007
1472,3753.39,0.88959,0.42116,0.81441,0.55961,0.41667,0.36847,0.14424,2.85877,2.69609,1.45698,0.000453182,0.000453182,0.000453182
1473,3755.95,1.06552,0.49265,0.83496,0.60072,0.41667,0.40941,0.15348,2.85765,2.78629,1.44507,0.000452357,0.000452357,0.000452357
1474,3758.51,0.91441,0.42348,0.81005,0.69376,0.41667,0.40061,0.15005,2.85812,2.89719,1.43912,0.000451532,0.000451532,0.000451532
1475,3761.01,0.9937,0.46293,0.82418,0.79805,0.41667,0.46287,0.15671,2.86645,2.98377,1.43809,0.000450707,0.000450707,0.000450707
1476,3763.56,0.94547,0.43953,0.80848,0.59978,0.37468,0.34585,0.14663,2.90681,3.04693,1.45228,0.000449882,0.000449882,0.000449882
1477,3766.1,0.91609,0.42576,0.81211,0.47328,0.375,0.35226,0.13467,2.93699,3.14915,1.46225,0.000449056,0.000449056,0.000449056
1478,3768.65,0.92276,0.43615,0.82445,0.40336,0.375,0.34733,0.12651,2.94074,3.19055,1.46809,0.000448231,0.000448231,0.000448231
1479,3771.17,0.83374,0.38803,0.76595,0.45877,0.5,0.3621,0.13304,2.94502,3.18822,1.46806,0.000447406,0.000447406,0.000447406
1480,3773.75,0.92687,0.4342,0.81853,0.51931,0.54167,0.43538,0.15377,2.9226,3.14978,1.45294,0.000446581,0.000446581,0.000446581
1481,3776.23,0.97505,0.45086,0.82389,0.59196,0.48409,0.45235,0.16455,2.89105,3.07892,1.43944,0.000445756,0.000445756,0.000445756
1482,3778.75,0.9751,0.43098,0.80736,0.57177,0.45833,0.45224,0.16412,2.89733,3.02132,1.44134,0.000444931,0.000444931,0.000444931
1483,3781.36,0.91382,0.42146,0.83375,0.57655,0.45833,0.45915,0.16886,2.87786,3.01764,1.42627,0.000444105,0.000444105,0.000444105
1484,3783.92,0.92358,0.41969,0.81269,0.58991,0.45833,0.45446,0.1647,2.86978,3.03065,1.42577,0.00044328,0.00044328,0.00044328
1485,3786.44,0.82634,0.44951,0.76894,0.61066,0.45833,0.48426,0.17055,2.85993,3.04877,1.42126,0.000442455,0.000442455,0.000442455
1486,3789.03,1.0113,0.43498,0.83636,0.63652,0.41667,0.48043,0.17359,2.85166,3.07437,1.42344,0.00044163,0.00044163,0.00044163
1487,3791.53,0.92686,0.41696,0.81316,0.65932,0.4844,0.47546,0.1625,2.87561,3.20658,1.43479,0.000440805,0.000440805,0.000440805
1488,3794.14,0.93236,0.42161,0.81767,0.61409,0.5,0.47069,0.16809,2.85401,3.28451,1.43219,0.00043998,0.00043998,0.00043998
1489,3796.67,0.88134,0.40883,0.80227,0.59167,0.5,0.47332,0.17002,2.86138,3.26775,1.43689,0.000439154,0.000439154,0.000439154
1490,3799.21,0.92309,0.42048,0.82164,0.59781,0.5,0.46472,0.1674,2.86721,3.14722,1.43815,0.000438329,0.000438329,0.000438329
1491,3801.75,0.88232,0.41769,0.81308,0.63542,0.5,0.47562,0.17061,2.86863,3.03289,1.44624,0.000437504,0.000437504,0.000437504
1492,3804.46,0.87202,0.39963,0.81071,0.5877,0.5,0.47214,0.16091,2.881,3.01688,1.45412,0.000436679,0.000436679,0.000436679
1493,3806.94,0.89021,0.41874,0.80478,0.55254,0.5,0.45808,0.16414,2.86095,3.08315,1.45103,0.000435854,0.000435854,0.000435854
1494,3809.45,0.96087,0.44722,0.80683,0.48923,0.47935,0.43521,0.15367,2.86272,3.08169,1.45331,0.000435029,0.000435029,0.000435029
1495,3812.07,0.91816,0.42693,0.82703,0.48634,0.41667,0.42194,0.15015,2.8509,3.06356,1.45155,0.000434203,0.000434203,0.000434203
1496,3814.68,0.89447,0.47844,0.80872,0.5117,0.375,0.4139,0.15397,2.8434,2.96326,1.45254,0.000433378,0.000433378,0.000433378
1497,3817.24,0.94192,0.43665,0.82379,0.51634,0.375,0.42016,0.15828,2.8345,2.92241,1.4497,0.000432553,0.000432553,0.000432553
1498,3819.8,0.9483,0.43543,0.81224,0.5306,0.37689,0.42283,0.15162,2.84521,2.94073,1.45211,0.000431728,0.000431728,0.000431728
1499,3822.4,0.94176,0.44252,0.81749,0.5543,0.41667,0.42682,0.15245,2.84052,2.93294,1.44885,0.000430903,0.000430903,0.000430903
1500,3824.94,0.97112,0.44352,0.82478,0.56932,0.41667,0.4246,0.15947,2.84402,3.00822,1.45544,0.000430078,0.000430078,0.000430078
1501,3827.48,0.97499,0.43859,0.8216,0.52113,0.41667,0.39641,0.15033,2.8566,3.12384,1.4709,0.000429253,0.000429253,0.000429253
1502,3830.04,0.89599,0.42201,0.80908,0.48505,0.35382,0.37493,0.14568,2.86159,3.28387,1.468,0.000428427,0.000428427,0.000428427
1503,3832.58,0.93587,0.43639,0.80551,0.67751,0.29167,0.36608,0.14133,2.85864,3.34126,1.4639,0.000427602,0.000427602,0.000427602
1504,3835.18,0.88298,0.41802,0.82038,0.47863,0.38283,0.38994,0.15176,2.84338,3.23053,1.45679,0.000426777,0.000426777,0.000426777
1505,3837.82,0.94813,0.45394,0.82253,0.47343,0.375,0.40003,0.15442,2.83723,3.1561,1.45392,0.000425952,0.000425952,0.000425952
1506,3840.39,0.87273,0.4052,0.82938,0.50971,0.41667,0.40788,0.15799,2.84404,3.06023,1.45106,0.000425127,0.000425127,0.000425127
1507,3842.99,1.0437,0.46424,0.82636,0.48291,0.41667,0.41665,0.16333,2.84465,2.93471,1.45816,0.000424302,0.000424302,0.000424302
1508,3845.54,0.88935,0.41418,0.81795,0.51638,0.45833,0.41574,0.15761,2.84833,2.92515,1.4622,0.000423476,0.000423476,0.000423476
1509,3848.07,0.85501,0.41279,0.81165,0.482,0.41667,0.42321,0.16761,2.83444,2.87268,1.45197,0.000422651,0.000422651,0.000422651
1510,3850.61,0.89766,0.41488,0.81464,0.60039,0.43881,0.44501,0.1749,2.82516,2.80478,1.44787,0.000421826,0.000421826,0.000421826
1511,3853.21,0.89503,0.41168,0.76645,0.63845,0.41667,0.45386,0.1768,2.80988,2.77087,1.43558,0.000421001,0.000421001,0.000421001
1512,3855.75,0.94587,0.44341,0.82707,0.58082,0.46203,0.45648,0.18087,2.80682,2.9029,1.43623,0.000420176,0.000420176,0.000420176
1513,3858.26,0.86995,0.40439,0.81421,0.59357,0.41667,0.46365,0.18148,2.80839,3.02313,1.44144,0.000419351,0.000419351,0.000419351
1514,3860.79,0.91398,0.42185,0.81185,0.65289,0.41667,0.46502,0.17794,2.81432,3.11408,1.4481,0.000418525,0.000418525,0.000418525
1515,3863.27,0.95308,0.42441,0.82895,0.60972,0.41667,0.46028,0.18634,2.8167,3.15078,1.44737,0.0004177,0.0004177,0.0004177
1516,3865.89,0.87934,0.40418,0.80747,0.64504,0.41667,0.46411,0.18036,2.82929,3.11913,1.45419,0.000416875,0.000416875,0.000416875
1517,3868.46,0.9919,0.46297,0.80933,0.6689,0.41667,0.45783,0.18077,2.85205,3.08253,1.46049,0.00041605,0.00041605,0.00041605
1518,3871.01,0.87466,0.41752,0.82486,0.56524,0.41667,0.45588,0.17134,2.87382,3.03184,1.47032,0.000415225,0.000415225,0.000415225
1519,3873.56,0.89783,0.43259,0.8069,0.67164,0.41667,0.44236,0.17446,2.87404,3.04881,1.46325,0.0004144,0.0004144,0.0004144
1520,3876.09,0.9898,0.42631,0.83244,0.60997,0.41667,0.43319,0.16285,2.88411,3.1678,1.46678,0.000413574,0.000413574,0.000413574
1521,3878.63,0.92873,0.43863,0.80235,0.57544,0.41667,0.43127,0.1629,2.88511,3.20264,1.47249,0.000412749,0.000412749,0.000412749
1522,3881.17,0.90565,0.43601,0.82839,0.59398,0.42713,0.443,0.17412,2.86481,3.13667,1.46104,0.000411924,0.000411924,0.000411924
1523,3883.73,0.88713,0.4193,0.80371,0.71081,0.5,0.46271,0.17537,2.86041,2.98067,1.45278,0.000411099,0.000411099,0.000411099
1524,3886.33,0.95328,0.42667,0.83687,0.71128,0.5,0.47914,0.17925,2.86885,2.69259,1.45833,0.000410274,0.000410274,0.000410274
1525,3888.96,0.93919,0.439,0.80664,0.72265,0.5,0.47677,0.17659,2.85378,2.554,1.45253,0.000409449,0.000409449,0.000409449
1526,3891.5,0.90867,0.41959,0.82675,0.72012,0.5,0.48492,0.1788,2.86224,2.4049,1.4519,0.000408623,0.000408623,0.000408623
1527,3894.07,0.93894,0.44593,0.82747,0.72744,0.5,0.48766,0.17692,2.85522,2.24466,1.4438,0.000407798,0.000407798,0.000407798
1528,3896.67,0.87893,0.41914,0.79904,0.72517,0.5,0.49616,0.17805,2.85602,2.05639,1.44896,0.000406973,0.000406973,0.000406973
1529,3899.18,0.94357,0.44862,0.80254,0.7263,0.5,0.49816,0.17968,2.85114,1.99222,1.45081,0.000406148,0.000406148,0.000406148
1530,3901.77,0.97847,0.44354,0.81906,0.68942,0.5,0.49775,0.17995,2.85327,1.96289,1.45402,0.000405323,0.000405323,0.000405323
1531,3904.33,0.89025,0.41081,0.81328,0.65141,0.5,0.49296,0.17713,2.86855,1.93189,1.4666,0.000404498,0.000404498,0.000404498
1532,3906.88,0.94189,0.42499,0.80384,0.61875,0.58333,0.49388,0.17584,2.84636,1.81729,1.4599,0.000403672,0.000403672,0.000403672
1533,3909.44,0.90065,0.42921,0.80733,0.60344,0.58333,0.49982,0.18366,2.84863,1.7756,1.46499,0.000402847,0.000402847,0.000402847
1534,3912,0.80995,0.40054,0.80073,0.60541,0.58333,0.49318,0.18463,2.85058,1.78107,1.46347,0.000402022,0.000402022,0.000402022
1535,3914.58,0.97436,0.4419,0.8093,0.60572,0.58333,0.48047,0.17279,2.84175,1.76436,1.45425,0.000401197,0.000401197,0.000401197
1536,3917.17,0.88458,0.41635,0.80295,0.62212,0.58333,0.48075,0.18199,2.82335,1.71748,1.44557,0.000400372,0.000400372,0.000400372
1537,3919.69,0.90839,0.42447,0.81653,0.62514,0.58333,0.47628,0.18052,2.83115,1.73004,1.44589,0.000399547,0.000399547,0.000399547
1538,3922.25,0.85699,0.41361,0.7736,0.62731,0.58333,0.47429,0.17987,2.81687,1.74442,1.44307,0.000398721,0.000398721,0.000398721
1539,3924.82,0.91089,0.41887,0.81552,0.63117,0.58333,0.47453,0.17954,2.80932,1.76542,1.43778,0.000397896,0.000397896,0.000397896
1540,3927.46,0.9184,0.41693,0.8247,0.66655,0.58304,0.47317,0.18155,2.81251,1.76915,1.43902,0.000397071,0.000397071,0.000397071
1541,3929.95,0.79851,0.38212,0.7548,0.64926,0.58333,0.47249,0.17277,2.82623,1.79887,1.44416,0.000396246,0.000396246,0.000396246
1542,3932.56,0.93785,0.42713,0.8104,0.64337,0.58333,0.47794,0.1746,2.83835,1.89074,1.4459,0.000395421,0.000395421,0.000395421
1543,3935.03,0.81398,0.45437,0.76627,0.63703,0.58333,0.48407,0.17204,2.8657,2.02834,1.46192,0.000394596,0.000394596,0.000394596
1544,3937.72,0.93701,0.42804,0.81518,0.63088,0.58333,0.47373,0.16809,2.87581,2.20852,1.46963,0.00039377,0.00039377,0.00039377
1545,3940.33,0.97675,0.42552,0.80256,0.63674,0.58333,0.47102,0.1605,2.8667,2.2527,1.46692,0.000392945,0.000392945,0.000392945
1546,3942.9,0.9841,0.43052,0.8138,0.63174,0.58333,0.47524,0.17573,2.85621,2.23049,1.46319,0.00039212,0.00039212,0.00039212
1547,3945.45,0.93991,0.43543,0.8173,0.63142,0.58333,0.47086,0.17077,2.84087,2.19594,1.45606,0.000391295,0.000391295,0.000391295
1548,3948.03,0.9269,0.42123,0.81507,0.67843,0.625,0.52033,0.17931,2.83213,2.15906,1.45771,0.00039047,0.00039047,0.00039047
1549,3950.64,0.91874,0.41141,0.81643,0.67928,0.625,0.52066,0.17861,2.83173,2.10958,1.4491,0.000389645,0.000389645,0.000389645
1550,3953.15,0.88448,0.5064,0.76402,0.75232,0.625,0.58248,0.19311,2.82426,2.09515,1.44499,0.000388819,0.000388819,0.000388819
1551,3955.73,0.88969,0.41546,0.81033,0.75323,0.625,0.58262,0.19385,2.80616,2.09195,1.43781,0.000387994,0.000387994,0.000387994
1552,3958.26,0.96271,0.43246,0.81822,0.76429,0.625,0.58452,0.19908,2.80578,2.08995,1.43597,0.000387169,0.000387169,0.000387169
1553,3960.77,0.84159,0.40532,0.75586,0.76457,0.625,0.58049,0.19333,2.80768,2.09825,1.441,0.000386344,0.000386344,0.000386344
1554,3963.31,0.88563,0.42211,0.82423,0.76457,0.625,0.58359,0.19794,2.80894,2.09555,1.44343,0.000385519,0.000385519,0.000385519
1555,3965.84,0.85044,0.41624,0.76048,0.78552,0.625,0.57818,0.19465,2.81165,2.09325,1.44298,0.000384694,0.000384694,0.000384694
1556,3968.4,0.88236,0.40938,0.80175,0.77761,0.625,0.58904,0.19482,2.83891,2.08746,1.45983,0.000383868,0.000383868,0.000383868
1557,3970.87,0.87456,0.41637,0.81012,0.77956,0.625,0.58767,0.19494,2.84589,2.10573,1.46205,0.000383043,0.000383043,0.000383043
1558,3973.42,0.978,0.4301,0.83095,0.76622,0.54649,0.58354,0.19867,2.83439,2.16485,1.45839,0.000382218,0.000382218,0.000382218
1559,3975.92,0.90437,0.42586,0.80071,0.76316,0.54167,0.57695,0.20275,2.82492,2.22027,1.45322,0.000381393,0.000381393,0.000381393
1560,3978.44,0.91854,0.40629,0.8103,0.76382,0.53916,0.5817,0.2035,2.80914,2.28649,1.44772,0.000380568,0.000380568,0.000380568
1561,3980.97,0.88541,0.40836,0.81232,0.78851,0.625,0.58371,0.20342,2.80069,2.31233,1.43966,0.000379743,0.000379743,0.000379743
1562,3983.54,0.91923,0.41297,0.83088,0.75386,0.625,0.57623,0.20189,2.79654,2.33607,1.43427,0.000378917,0.000378917,0.000378917
1563,3986.05,0.91915,0.42107,0.8195,0.79082,0.625,0.64376,0.20598,2.78538,2.40387,1.43077,0.000378092,0.000378092,0.000378092
1564,3988.63,0.85986,0.41631,0.79933,0.78898,0.625,0.64725,0.20701,2.79081,2.42767,1.42959,0.000377267,0.000377267,0.000377267
1565,3991.11,0.92441,0.43831,0.79821,0.72475,0.58333,0.57391,0.19682,2.80057,2.40323,1.43762,0.000376442,0.000376442,0.000376442
1566,3993.71,0.89408,0.41334,0.80503,0.65561,0.54167,0.5161,0.17781,2.81914,2.42202,1.44976,0.000375617,0.000375617,0.000375617
1567,3996.15,0.82189,0.39918,0.75256,0.61663,0.54167,0.50627,0.17669,2.82452,2.51731,1.44965,0.000374792,0.000374792,0.000374792
1568,3998.71,0.93368,0.44733,0.82668,0.56784,0.54771,0.50258,0.17574,2.82858,2.59328,1.45709,0.000373966,0.000373966,0.000373966
1569,4001.21,0.88752,0.41124,0.80845,0.61174,0.45961,0.46132,0.17738,2.82836,2.62946,1.45632,0.000373141,0.000373141,0.000373141
1570,4003.72,0.80703,0.37968,0.75032,0.63234,0.45833,0.46503,0.18408,2.83652,2.63633,1.46013,0.000372316,0.000372316,0.000372316
1571,4006.2,0.91948,0.41633,0.8182,0.63594,0.45833,0.46388,0.1841,2.84651,2.56391,1.46433,0.000371491,0.000371491,0.000371491
1572,4008.78,0.87153,0.4284,0.81055,0.63262,0.45833,0.46864,0.18226,2.86592,2.51993,1.47609,0.000370666,0.000370666,0.000370666
1573,4011.37,0.87572,0.42202,0.81081,0.67972,0.45833,0.4661,0.18163,2.87714,2.49202,1.48419,0.000369841,0.000369841,0.000369841
1574,4013.92,0.91792,0.41953,0.82628,0.69895,0.45833,0.46015,0.1736,2.88878,2.47237,1.49131,0.000369015,0.000369015,0.000369015
1575,4016.48,0.77026,0.3678,0.75947,0.70901,0.45833,0.45753,0.17284,2.90679,2.49032,1.50194,0.00036819,0.00036819,0.00036819
1576,4019.13,0.83988,0.39957,0.81561,0.71401,0.45833,0.45734,0.1724,2.93384,2.41632,1.5169,0.000367365,0.000367365,0.000367365
1577,4021.65,0.90275,0.39638,0.82498,0.72708,0.45833,0.45002,0.17346,2.93445,2.43167,1.51537,0.00036654,0.00036654,0.00036654
1578,4024.22,0.88191,0.41092,0.80643,0.73102,0.45833,0.44934,0.17455,2.94376,2.4359,1.52042,0.000365715,0.000365715,0.000365715
1579,4026.76,0.90447,0.4044,0.81055,0.64536,0.375,0.39116,0.16461,2.95597,2.43576,1.5257,0.00036489,0.00036489,0.00036489
1580,4029.29,0.89971,0.41362,0.80393,0.71932,0.41667,0.43431,0.16242,2.96644,2.39051,1.5333,0.000364064,0.000364064,0.000364064
1581,4031.92,0.92619,0.41044,0.8088,0.63414,0.375,0.37881,0.16199,2.9715,2.35898,1.54136,0.000363239,0.000363239,0.000363239
1582,4034.49,0.93272,0.42037,0.8057,0.59507,0.375,0.38089,0.16251,2.97821,2.34879,1.5421,0.000362414,0.000362414,0.000362414
1583,4037.05,0.883,0.412,0.8085,0.65685,0.41667,0.42793,0.16107,2.96624,2.37764,1.54032,0.000361589,0.000361589,0.000361589
1584,4039.69,0.85516,0.41468,0.80222,0.6264,0.41667,0.41589,0.15568,2.96753,2.44404,1.53569,0.000360764,0.000360764,0.000360764
1585,4042.2,0.88972,0.42245,0.80946,0.58106,0.41667,0.41852,0.15627,2.96102,2.48826,1.52925,0.000359939,0.000359939,0.000359939
1586,4044.75,0.96675,0.42657,0.83068,0.57728,0.41667,0.42116,0.15683,2.95479,2.48892,1.52347,0.000359113,0.000359113,0.000359113
1587,4047.32,0.89003,0.41028,0.80312,0.59627,0.4313,0.41983,0.15666,2.9439,2.46029,1.51834,0.000358288,0.000358288,0.000358288
1588,4050.12,0.81909,0.38958,0.74723,0.54839,0.40525,0.36371,0.15163,2.93145,2.44157,1.51351,0.000357463,0.000357463,0.000357463
1589,4052.8,0.88808,0.40232,0.8226,0.60191,0.44157,0.42284,0.15809,2.92757,2.4215,1.51498,0.000356638,0.000356638,0.000356638
1590,4055.48,0.88018,0.39796,0.82005,0.54021,0.39222,0.37069,0.15523,2.93525,2.5003,1.524,0.000355813,0.000355813,0.000355813
1591,4058.28,0.90473,0.41544,0.81082,0.53522,0.38426,0.36871,0.15375,2.93309,2.5492,1.52448,0.000354988,0.000354988,0.000354988
1592,4061.11,0.94396,0.43477,0.83273,0.5942,0.42753,0.40872,0.1602,2.92765,2.65192,1.51583,0.000354162,0.000354162,0.000354162
1593,4063.87,0.90113,0.4125,0.80874,0.57878,0.41667,0.40299,0.15854,2.92297,2.84063,1.51115,0.000353337,0.000353337,0.000353337
1594,4066.53,0.84003,0.39918,0.76387,0.57407,0.41667,0.39158,0.15018,2.92539,3.06244,1.5035,0.000352512,0.000352512,0.000352512
1595,4069.26,0.88448,0.42174,0.81793,0.51473,0.375,0.33934,0.14263,2.92585,3.26078,1.5004,0.000351687,0.000351687,0.000351687
1596,4072.04,0.89244,0.40919,0.80979,0.52923,0.37474,0.33626,0.13924,2.934,3.38704,1.50068,0.000350862,0.000350862,0.000350862
1597,4074.8,0.89549,0.41582,0.7932,0.52756,0.375,0.33411,0.13801,2.95109,3.35613,1.50824,0.000350037,0.000350037,0.000350037
1598,4077.62,0.86093,0.41028,0.80952,0.53715,0.375,0.33032,0.13672,2.95936,3.34999,1.51254,0.000349211,0.000349211,0.000349211
1599,4080.35,0.90545,0.41665,0.80257,0.53574,0.375,0.32495,0.13674,2.96627,3.36404,1.52234,0.000348386,0.000348386,0.000348386
1600,4083.04,0.86343,0.41203,0.82103,0.48671,0.31672,0.29763,0.13901,2.97883,3.53212,1.53101,0.000347561,0.000347561,0.000347561
1601,4085.71,1.03907,0.64184,0.82993,0.48425,0.31364,0.29518,0.13741,2.98412,3.65082,1.5346,0.000346736,0.000346736,0.000346736
1602,4088.45,0.87475,0.39011,0.8102,0.55794,0.36849,0.3321,0.14121,2.9879,3.53131,1.53205,0.000345911,0.000345911,0.000345911
1603,4091.23,0.89017,0.40246,0.79739,0.59942,0.37415,0.33411,0.13498,2.99162,3.41528,1.53076,0.000345086,0.000345086,0.000345086
1604,4094.1,0.82627,0.38792,0.75741,0.66658,0.41652,0.38238,0.15317,2.97637,3.19642,1.51872,0.000344261,0.000344261,0.000344261
1605,4096.96,0.93237,0.4202,0.79668,0.63788,0.41667,0.38758,0.1545,2.96925,2.9903,1.51099,0.000343435,0.000343435,0.000343435
1606,4099.68,0.90745,0.42049,0.81503,0.62771,0.41667,0.39526,0.15654,2.95672,2.87098,1.50446,0.00034261,0.00034261,0.00034261
1607,4102.44,0.9012,0.42927,0.82285,0.57841,0.41667,0.38917,0.15099,2.95461,2.81045,1.50346,0.000341785,0.000341785,0.000341785
1608,4105.2,0.81332,0.43426,0.76044,0.5907,0.41667,0.39394,0.15241,2.95356,2.82664,1.50747,0.00034096,0.00034096,0.00034096
1609,4107.94,0.85983,0.40459,0.82269,0.52552,0.41667,0.39691,0.15303,2.95785,2.82486,1.50828,0.000340135,0.000340135,0.000340135
1610,4110.67,0.91932,0.42649,0.81123,0.53837,0.41667,0.39088,0.15006,2.95049,2.76808,1.50637,0.00033931,0.00033931,0.00033931
1611,4113.43,0.89223,0.43002,0.8075,0.59346,0.41667,0.39134,0.14733,2.93663,2.69576,1.50058,0.000338484,0.000338484,0.000338484
1612,4116.25,0.93598,0.45164,0.78468,0.53043,0.41667,0.40487,0.14698,2.93559,2.53981,1.50329,0.000337659,0.000337659,0.000337659
1613,4119.1,0.94859,0.42165,0.81204,0.55371,0.45833,0.40399,0.14659,2.91925,2.43658,1.495,0.000336834,0.000336834,0.000336834
1614,4121.83,0.87724,0.39823,0.75394,0.62421,0.45833,0.41596,0.15611,2.91694,2.30134,1.49747,0.000336009,0.000336009,0.000336009
1615,4124.5,0.81932,0.38498,0.77342,0.61722,0.54167,0.42691,0.15458,2.91044,2.16747,1.49412,0.000335184,0.000335184,0.000335184
1616,4127.26,0.91418,0.41466,0.82017,0.6154,0.54167,0.44915,0.16084,2.91768,2.02544,1.49559,0.000334359,0.000334359,0.000334359
1617,4129.89,0.91242,0.42623,0.8167,0.6137,0.54167,0.45121,0.1604,2.92732,1.95016,1.50327,0.000333533,0.000333533,0.000333533
1618,4132.63,0.84958,0.4069,0.80505,0.55156,0.5,0.40945,0.15988,2.9436,1.95985,1.50989,0.000332708,0.000332708,0.000332708
1619,4135.4,0.92533,0.41098,0.81825,0.53951,0.5,0.40905,0.1647,2.96436,2.02719,1.51859,0.000331883,0.000331883,0.000331883
1620,4138.19,0.88404,0.42431,0.79555,0.54934,0.5,0.4011,0.16909,2.96641,2.07325,1.52479,0.000331058,0.000331058,0.000331058
1621,4140.96,0.93303,0.42151,0.82694,0.51425,0.45833,0.396,0.16803,2.95485,2.13128,1.52127,0.000330233,0.000330233,0.000330233
1622,4143.69,0.88845,0.42141,0.81845,0.48455,0.45833,0.38675,0.16799,2.95009,2.16307,1.52152,0.000329408,0.000329408,0.000329408
1623,4146.42,0.93024,0.43796,0.81003,0.54037,0.5,0.42524,0.17249,2.94216,2.12715,1.51771,0.000328582,0.000328582,0.000328582
1624,4149.19,0.89487,0.42649,0.80546,0.5213,0.5,0.42591,0.16729,2.94973,2.07586,1.52332,0.000327757,0.000327757,0.000327757
1625,4151.98,0.93125,0.43941,0.80499,0.44372,0.45833,0.39215,0.16438,2.97186,1.98374,1.53316,0.000326932,0.000326932,0.000326932
1626,4154.84,0.89984,0.41487,0.81252,0.47628,0.5308,0.43103,0.16842,2.97739,1.92423,1.53878,0.000326107,0.000326107,0.000326107
1627,4157.65,0.86549,0.42109,0.80185,0.58138,0.58333,0.49198,0.1749,2.97558,1.86337,1.53415,0.000325282,0.000325282,0.000325282
1628,4160.27,0.89943,0.41414,0.81547,0.57186,0.50093,0.50259,0.17708,2.97325,1.79924,1.53645,0.000324457,0.000324457,0.000324457
1629,4163.25,0.89929,0.40602,0.80704,0.57742,0.58333,0.50315,0.17297,2.97035,1.72837,1.53341,0.000323631,0.000323631,0.000323631
1630,4166.02,0.95532,0.44176,0.82693,0.662,0.54167,0.50816,0.17643,2.97441,1.66207,1.53128,0.000322806,0.000322806,0.000322806
1631,4168.73,0.87178,0.42662,0.80275,0.65605,0.54167,0.51015,0.17094,2.96363,1.63017,1.52503,0.000321981,0.000321981,0.000321981
1632,4171.55,0.8876,0.40965,0.81482,0.6615,0.54167,0.51346,0.17486,2.94531,1.67139,1.51367,0.000321156,0.000321156,0.000321156
1633,4174.29,0.78932,0.38297,0.76205,0.69717,0.54167,0.48456,0.16975,2.95114,1.71631,1.52117,0.000320331,0.000320331,0.000320331
1634,4177.01,0.8825,0.40727,0.81168,0.69442,0.54167,0.47786,0.17023,2.94394,1.71746,1.51555,0.000319506,0.000319506,0.000319506
1635,4179.78,0.89426,0.41381,0.81625,0.69139,0.54167,0.47896,0.16765,2.93281,1.69719,1.51626,0.00031868,0.00031868,0.00031868
1636,4182.42,0.89423,0.41639,0.80852,0.68803,0.54167,0.46473,0.1634,2.9215,1.68661,1.51036,0.000317855,0.000317855,0.000317855
1637,4184.97,0.84093,0.39989,0.79588,0.64221,0.5,0.44068,0.16108,2.91281,1.69036,1.50706,0.00031703,0.00031703,0.00031703
1638,4187.89,0.8356,0.4064,0.81162,0.65669,0.5,0.43932,0.16983,2.90217,1.72922,1.50163,0.000316205,0.000316205,0.000316205
1639,4190.6,0.82067,0.38235,0.76684,0.61957,0.45833,0.43571,0.1666,2.8965,1.72392,1.50019,0.00031538,0.00031538,0.00031538
1640,4193.28,0.91035,0.423,0.80931,0.70529,0.5,0.48563,0.17082,2.89069,1.72379,1.4939,0.000314555,0.000314555,0.000314555
1641,4196.32,0.8758,0.40484,0.8109,0.70205,0.5,0.48319,0.16293,2.879,1.68805,1.48783,0.000313729,0.000313729,0.000313729
1642,4199.09,0.87353,0.40902,0.80371,0.64078,0.45833,0.42824,0.16101,2.86559,1.66864,1.48165,0.000312904,0.000312904,0.000312904
1643,4201.92,0.82668,0.45728,0.76335,0.65009,0.46478,0.43115,0.16145,2.86862,1.64761,1.48236,0.000312079,0.000312079,0.000312079
1644,4204.8,0.86649,0.39961,0.81611,0.6559,0.47712,0.43123,0.17902,2.83698,1.62215,1.4644,0.000311254,0.000311254,0.000311254
1645,4207.66,0.91115,0.41743,0.80835,0.65048,0.46561,0.43479,0.17712,2.84316,1.5782,1.47497,0.000310429,0.000310429,0.000310429
1646,4210.47,0.86825,0.45399,0.81279,0.65577,0.47685,0.44343,0.17842,2.8434,1.55153,1.47461,0.000309604,0.000309604,0.000309604
1647,4213.15,0.94955,0.41897,0.82015,0.66307,0.49236,0.4448,0.17984,2.84787,1.53273,1.47443,0.000308778,0.000308778,0.000308778
1648,4215.87,0.85626,0.40155,0.80826,0.65269,0.5,0.44803,0.17885,2.85637,1.48986,1.47708,0.000307953,0.000307953,0.000307953
1649,4218.54,0.8683,0.40635,0.81943,0.64567,0.5,0.45085,0.17808,2.85814,1.46893,1.47631,0.000307128,0.000307128,0.000307128
1650,4221.26,0.87529,0.40802,0.81863,0.5894,0.45833,0.4077,0.17233,2.86224,1.44503,1.4816,0.000306303,0.000306303,0.000306303
1651,4223.96,0.86454,0.39298,0.81452,0.50378,0.54167,0.41014,0.17015,2.87117,1.42556,1.48419,0.000305478,0.000305478,0.000305478
1652,4226.65,0.94428,0.45453,0.81898,0.63194,0.5,0.45985,0.16713,2.86821,1.43837,1.48397,0.000304653,0.000304653,0.000304653
1653,4229.35,0.92163,0.44374,0.79025,0.68206,0.54167,0.50766,0.17188,2.86056,1.44021,1.47655,0.000303827,0.000303827,0.000303827
1654,4232.06,0.87701,0.41813,0.79646,0.64049,0.59421,0.50935,0.17838,2.86861,1.43072,1.48122,0.000303002,0.000303002,0.000303002
1655,4234.76,0.90231,0.40954,0.80417,0.63718,0.58548,0.50993,0.18119,2.86067,1.41281,1.47848,0.000302177,0.000302177,0.000302177
1656,4237.45,0.86451,0.40249,0.81593,0.82301,0.58137,0.55868,0.18522,2.85662,1.40939,1.47615,0.000301352,0.000301352,0.000301352
1657,4240.09,0.90575,0.43468,0.80214,0.74989,0.62465,0.56008,0.18851,2.8535,1.41103,1.47452,0.000300527,0.000300527,0.000300527
1658,4242.7,0.75772,0.36917,0.76146,0.74584,0.61182,0.55766,0.18743,2.84885,1.4141,1.47388,0.000299702,0.000299702,0.000299702
1659,4245.32,0.87475,0.40273,0.81782,0.74383,0.60545,0.54855,0.17969,2.8548,1.45376,1.47662,0.000298876,0.000298876,0.000298876
1660,4248.16,0.82485,0.38687,0.81818,0.72311,0.58333,0.54603,0.18092,2.84584,1.49479,1.47798,0.000298051,0.000298051,0.000298051
1661,4250.84,0.876,0.41882,0.81256,0.72939,0.58333,0.54586,0.18084,2.8386,1.5134,1.4783,0.000297226,0.000297226,0.000297226
1662,4253.78,0.85974,0.40625,0.80337,0.71635,0.58333,0.54669,0.17604,2.84442,1.52205,1.4842,0.000296401,0.000296401,0.000296401
1663,4256.73,0.83901,0.40458,0.80755,0.71168,0.625,0.5481,0.17719,2.84736,1.51782,1.48704,0.000295576,0.000295576,0.000295576
1664,4259.67,0.92361,0.43042,0.82958,0.71872,0.63923,0.55172,0.17447,2.84848,1.52696,1.48593,0.000294751,0.000294751,0.000294751
1665,4262.54,0.88682,0.43427,0.81843,0.7085,0.625,0.54848,0.16689,2.85316,1.56023,1.48877,0.000293925,0.000293925,0.000293925
1666,4265.38,0.85911,0.41808,0.81095,0.70897,0.60949,0.55936,0.17337,2.85046,1.57716,1.49142,0.0002931,0.0002931,0.0002931
1667,4268.21,0.85679,0.40139,0.79711,0.70126,0.58699,0.55936,0.17336,2.85779,1.60179,1.49719,0.000292275,0.000292275,0.000292275
1668,4271.15,0.92567,0.40189,0.80739,0.70878,0.60893,0.56584,0.18166,2.85585,1.58003,1.49907,0.00029145,0.00029145,0.00029145
1669,4274.13,0.90279,0.40288,0.81896,0.71629,0.63144,0.56591,0.1817,2.85174,1.55863,1.49922,0.000290625,0.000290625,0.000290625
1670,4276.94,0.86868,0.39432,0.81232,0.71725,0.63452,0.56686,0.18172,2.84551,1.54089,1.49787,0.0002898,0.0002898,0.0002898
1671,4279.78,0.86217,0.40184,0.81119,0.72229,0.6507,0.56695,0.18183,2.85218,1.51253,1.50088,0.000288974,0.000288974,0.000288974
1672,4282.74,0.91789,0.41596,0.8164,0.66791,0.58676,0.51516,0.17913,2.84473,1.49275,1.49909,0.000288149,0.000288149,0.000288149
1673,4285.66,0.93182,0.44449,0.82665,0.71238,0.625,0.57252,0.17778,2.84949,1.49344,1.50578,0.000287324,0.000287324,0.000287324
1674,4288.58,0.85211,0.39683,0.80243,0.70953,0.625,0.57052,0.17733,2.85572,1.51014,1.50944,0.000286499,0.000286499,0.000286499
1675,4291.44,0.87041,0.40838,0.80335,0.70999,0.625,0.57062,0.17745,2.85267,1.52581,1.50933,0.000285674,0.000285674,0.000285674
1676,4294.42,0.87168,0.39897,0.81222,0.66397,0.58333,0.50334,0.16673,2.84004,1.51988,1.50176,0.000284849,0.000284849,0.000284849
1677,4297.38,0.94329,0.44656,0.794,0.66039,0.58333,0.50977,0.17559,2.84309,1.51952,1.50002,0.000284023,0.000284023,0.000284023
1678,4300.26,0.88089,0.41341,0.80018,0.65898,0.58333,0.50591,0.16711,2.84664,1.51608,1.49678,0.000283198,0.000283198,0.000283198
1679,4303.24,0.87834,0.38249,0.82578,0.67011,0.58333,0.49542,0.17289,2.85172,1.4847,1.49788,0.000282373,0.000282373,0.000282373
1680,4306.14,1.02038,0.44579,0.85294,0.74317,0.66667,0.55767,0.17456,2.84312,1.44715,1.48552,0.000281548,0.000281548,0.000281548
1681,4309.15,0.86658,0.40414,0.80678,0.73394,0.66667,0.55712,0.17893,2.84978,1.41452,1.4889,0.000280723,0.000280723,0.000280723
1682,4312,0.83431,0.40429,0.78912,0.73567,0.66667,0.55705,0.17857,2.8486,1.42308,1.48799,0.000279898,0.000279898,0.000279898
1683,4314.97,0.86567,0.41125,0.80143,0.73697,0.66667,0.557,0.17573,2.84248,1.42268,1.48134,0.000279072,0.000279072,0.000279072
1684,4317.92,0.89806,0.42632,0.81433,0.69586,0.625,0.4977,0.16698,2.85991,1.43142,1.48881,0.000278247,0.000278247,0.000278247
1685,4320.86,0.93444,0.43632,0.82289,0.69578,0.625,0.49762,0.16696,2.87325,1.4519,1.4973,0.000277422,0.000277422,0.000277422
1686,4323.85,0.83395,0.38924,0.81516,0.69699,0.625,0.49754,0.16886,2.89031,1.47825,1.5035,0.000276597,0.000276597,0.000276597
1687,4326.91,0.88207,0.40287,0.79526,0.70964,0.625,0.5022,0.16478,2.8956,1.51167,1.50692,0.000275772,0.000275772,0.000275772
1688,4329.96,0.84182,0.39271,0.76502,0.64325,0.60148,0.49995,0.16721,2.9014,1.5486,1.50749,0.000274947,0.000274947,0.000274947
1689,4333.02,0.80299,0.38425,0.75789,0.64893,0.61644,0.49724,0.1696,2.90722,1.55265,1.50971,0.000274121,0.000274121,0.000274121
1690,4336.12,0.85042,0.41606,0.80329,0.59245,0.54167,0.50007,0.16186,2.90544,1.55593,1.50234,0.000273296,0.000273296,0.000273296
1691,4339.25,0.83058,0.40046,0.81445,0.60261,0.58333,0.49841,0.16768,2.90675,1.54357,1.50527,0.000272471,0.000272471,0.000272471
1692,4342.32,0.8881,0.40409,0.81561,0.66634,0.66667,0.55227,0.17185,2.90204,1.5387,1.49721,0.000271646,0.000271646,0.000271646
1693,4345.14,0.88113,0.41103,0.80312,0.66146,0.66667,0.54813,0.1705,2.89366,1.55267,1.49071,0.000270821,0.000270821,0.000270821
1694,4347.93,0.83849,0.42295,0.80277,0.65709,0.66667,0.54814,0.17286,2.89422,1.55141,1.49117,0.000269996,0.000269996,0.000269996
1695,4350.68,0.84247,0.4036,0.80591,0.69988,0.66667,0.60727,0.16955,2.87646,1.5423,1.4797,0.00026917,0.00026917,0.00026917
1696,4353.57,0.89277,0.40402,0.81494,0.70085,0.66667,0.61369,0.17934,2.87155,1.52923,1.48278,0.000268345,0.000268345,0.000268345
1697,4356.4,0.88611,0.40676,0.81041,0.71174,0.66667,0.61351,0.17533,2.85879,1.5182,1.47433,0.00026752,0.00026752,0.00026752
1698,4359.11,0.83915,0.40679,0.81032,0.73083,0.67915,0.61499,0.17157,2.86537,1.48188,1.47963,0.000266695,0.000266695,0.000266695
1699,4361.78,0.93051,0.40676,0.80159,0.73426,0.66667,0.60864,0.17482,2.86346,1.46619,1.47907,0.00026587,0.00026587,0.00026587
1700,4364.48,0.82897,0.39775,0.81362,0.76557,0.66667,0.60877,0.17486,2.85783,1.46848,1.4812,0.000265045,0.000265045,0.000265045
1701,4367.27,0.90088,0.42185,0.80339,0.76885,0.66667,0.61245,0.18202,2.85914,1.47814,1.48303,0.00026422,0.00026422,0.00026422
1702,4370.03,0.8591,0.40449,0.8232,0.80567,0.69146,0.61621,0.17885,2.8524,1.46618,1.48273,0.000263394,0.000263394,0.000263394
1703,4372.73,0.86916,0.39276,0.81931,0.79887,0.70833,0.61144,0.17838,2.84674,1.4352,1.48249,0.000262569,0.000262569,0.000262569
1704,4375.46,0.85254,0.41705,0.8005,0.79358,0.70833,0.61154,0.18534,2.84331,1.42721,1.47979,0.000261744,0.000261744,0.000261744
1705,4378.19,0.85067,0.39011,0.80282,0.77874,0.70833,0.61181,0.18559,2.83594,1.4267,1.47849,0.000260919,0.000260919,0.000260919
1706,4380.98,0.88203,0.40157,0.82275,0.80937,0.70767,0.61187,0.18535,2.83922,1.43928,1.48287,0.000260094,0.000260094,0.000260094
1707,4383.68,0.88792,0.4119,0.81897,0.75848,0.65467,0.54746,0.17867,2.84389,1.46341,1.48421,0.000259269,0.000259269,0.000259269
1708,4386.47,0.89094,0.41329,0.8232,0.69231,0.65661,0.53952,0.17697,2.84571,1.52263,1.48311,0.000258443,0.000258443,0.000258443
1709,4389.26,0.89685,0.42368,0.80644,0.69308,0.65893,0.53734,0.17667,2.84362,1.55849,1.48816,0.000257618,0.000257618,0.000257618
1710,4391.99,0.85814,0.39028,0.80823,0.63721,0.66667,0.53493,0.17626,2.84756,1.59851,1.48976,0.000256793,0.000256793,0.000256793
1711,4394.76,0.91093,0.40854,0.82293,0.65695,0.66667,0.53326,0.1781,2.8462,1.60929,1.49038,0.000255968,0.000255968,0.000255968
1712,4397.55,0.88805,0.41593,0.82254,0.65619,0.66667,0.5333,0.17747,2.85305,1.61516,1.49585,0.000255143,0.000255143,0.000255143
1713,4400.31,0.89072,0.41094,0.8146,0.64834,0.66667,0.5317,0.17755,2.86468,1.60358,1.50586,0.000254318,0.000254318,0.000254318
1714,4403.05,0.80841,0.38729,0.80103,0.65098,0.66667,0.54024,0.17792,2.8644,1.60443,1.50287,0.000253492,0.000253492,0.000253492
1715,4405.86,0.88965,0.4052,0.80724,0.66368,0.66667,0.54179,0.18054,2.8755,1.59953,1.511,0.000252667,0.000252667,0.000252667
1716,4408.67,0.97414,0.43011,0.81659,0.65398,0.63019,0.54177,0.18054,2.88184,1.62305,1.51456,0.000251842,0.000251842,0.000251842
1717,4411.39,0.83747,0.3994,0.80036,0.63797,0.58333,0.54183,0.18056,2.87578,1.61015,1.51227,0.000251017,0.000251017,0.000251017
1718,4414.1,0.85847,0.40057,0.81099,0.67381,0.60297,0.53694,0.17919,2.88338,1.61312,1.51942,0.000250192,0.000250192,0.000250192
1719,4416.96,0.81324,0.3912,0.75897,0.66464,0.57828,0.48275,0.17172,2.8909,1.59826,1.52467,0.000249367,0.000249367,0.000249367
1720,4419.82,0.86284,0.40898,0.79736,0.64905,0.61677,0.48403,0.1714,2.90072,1.55061,1.53614,0.000248541,0.000248541,0.000248541
1721,4422.55,0.84549,0.4028,0.82097,0.74084,0.625,0.54544,0.17491,2.90687,1.52745,1.53975,0.000247716,0.000247716,0.000247716
1722,4425.3,0.84026,0.39402,0.80255,0.73483,0.625,0.54566,0.17601,2.89824,1.51174,1.53597,0.000246891,0.000246891,0.000246891
1723,4428.1,0.86618,0.41609,0.81807,0.73213,0.625,0.54587,0.17603,2.90736,1.48818,1.54173,0.000246066,0.000246066,0.000246066
1724,4430.77,0.87661,0.41141,0.81691,0.69783,0.625,0.5432,0.17563,2.90467,1.50534,1.53373,0.000245241,0.000245241,0.000245241
1725,4433.51,0.79878,0.38286,0.81447,0.70498,0.625,0.53945,0.17208,2.90033,1.52301,1.53411,0.000244416,0.000244416,0.000244416
1726,4436.21,0.85544,0.40646,0.80816,0.70764,0.60563,0.5384,0.16653,2.8947,1.55092,1.52775,0.00024359,0.00024359,0.00024359
1727,4438.91,0.93805,0.44294,0.80997,0.63839,0.58333,0.4847,0.16382,2.89746,1.55022,1.53096,0.000242765,0.000242765,0.000242765
1728,4441.69,0.84234,0.40604,0.80691,0.63372,0.58333,0.4838,0.16906,2.90043,1.54484,1.5293,0.00024194,0.00024194,0.00024194
1729,4444.52,0.86005,0.39666,0.79298,0.69402,0.58333,0.48654,0.16942,2.89914,1.55157,1.52573,0.000241115,0.000241115,0.000241115
1730,4447.21,0.90729,0.427,0.8169,0.6496,0.58333,0.49486,0.17355,2.89418,1.54264,1.51421,0.00024029,0.00024029,0.00024029
1731,4449.99,0.87417,0.41561,0.80231,0.70645,0.60215,0.498,0.17446,2.88273,1.51898,1.50873,0.000239465,0.000239465,0.000239465
1732,4452.85,0.85424,0.40575,0.8042,0.75133,0.66667,0.55079,0.17909,2.87755,1.51243,1.50642,0.000238639,0.000238639,0.000238639
1733,4455.64,0.80945,0.39999,0.80942,0.70071,0.625,0.4964,0.17391,2.86269,1.4834,1.49986,0.000237814,0.000237814,0.000237814
1734,4458.42,0.86629,0.39412,0.80866,0.74359,0.66667,0.55307,0.18137,2.85361,1.4623,1.49114,0.000236989,0.000236989,0.000236989
1735,4461.17,0.85507,0.40766,0.81759,0.75319,0.66667,0.55351,0.18225,2.85132,1.43596,1.48944,0.000236164,0.000236164,0.000236164
1736,4464.08,0.84509,0.39865,0.81088,0.79933,0.70833,0.62729,0.18346,2.84966,1.3957,1.48788,0.000235339,0.000235339,0.000235339
1737,4466.74,0.90899,0.40365,0.81881,0.79702,0.70833,0.63074,0.18402,2.84643,1.38925,1.48524,0.000234514,0.000234514,0.000234514
1738,4469.54,0.8689,0.41028,0.8001,0.79024,0.70833,0.62721,0.18346,2.83602,1.38811,1.47968,0.000233688,0.000233688,0.000233688
1739,4472.27,0.8287,0.40318,0.80405,0.71501,0.66667,0.55379,0.17611,2.83589,1.39177,1.4771,0.000232863,0.000232863,0.000232863
1740,4475.05,0.84879,0.401,0.81763,0.72255,0.66667,0.55451,0.17624,2.8441,1.39875,1.48093,0.000232038,0.000232038,0.000232038
1741,4477.7,0.88244,0.40295,0.79855,0.71499,0.66667,0.55701,0.17739,2.84218,1.39086,1.48107,0.000231213,0.000231213,0.000231213
1742,4480.47,0.84525,0.40448,0.80431,0.78236,0.70833,0.62117,0.18019,2.84996,1.38504,1.48959,0.000230388,0.000230388,0.000230388
1743,4483.28,0.85909,0.39759,0.80029,0.78086,0.70833,0.62112,0.18021,2.85167,1.37252,1.48812,0.000229563,0.000229563,0.000229563
1744,4486.28,0.8441,0.39702,0.80734,0.77557,0.70833,0.62554,0.18506,2.85433,1.3465,1.48843,0.000228737,0.000228737,0.000228737
1745,4489.27,0.7829,0.39457,0.7965,0.77495,0.70833,0.62389,0.18475,2.84089,1.3579,1.47711,0.000227912,0.000227912,0.000227912
1746,4492.18,0.76574,0.3657,0.76869,0.77604,0.70833,0.62348,0.18465,2.83847,1.37304,1.47476,0.000227087,0.000227087,0.000227087
1747,4495.02,0.84397,0.40381,0.80282,0.77706,0.70833,0.62593,0.18804,2.84092,1.40008,1.47561,0.000226262,0.000226262,0.000226262
1748,4497.76,0.89564,0.4047,0.82944,0.77151,0.70833,0.62864,0.1884,2.82764,1.39802,1.47212,0.000225437,0.000225437,0.000225437
1749,4500.55,0.8318,0.39554,0.81321,0.77235,0.70833,0.63018,0.19079,2.82019,1.3991,1.46547,0.000224612,0.000224612,0.000224612
1750,4503.28,0.79341,0.38228,0.78746,0.77433,0.70833,0.63024,0.18853,2.82201,1.39882,1.46532,0.000223786,0.000223786,0.000223786
1751,4506.06,0.7827,0.37303,0.755,0.77246,0.70833,0.63021,0.18853,2.82436,1.39578,1.46738,0.000222961,0.000222961,0.000222961
1752,4508.91,0.84232,0.39507,0.81224,0.77092,0.70833,0.62963,0.19411,2.81634,1.43512,1.46481,0.000222136,0.000222136,0.000222136
1753,4511.65,0.83041,0.41128,0.80731,0.76938,0.70833,0.62915,0.19399,2.81214,1.45347,1.46285,0.000221311,0.000221311,0.000221311
1754,4514.37,0.84707,0.38549,0.81307,0.76636,0.70833,0.63346,0.19473,2.80618,1.46005,1.45886,0.000220486,0.000220486,0.000220486
1755,4517.07,0.82944,0.3828,0.80938,0.76515,0.70833,0.63358,0.19486,2.80796,1.43367,1.46113,0.000219661,0.000219661,0.000219661
1756,4519.91,0.88292,0.40169,0.81632,0.76493,0.70833,0.63391,0.19493,2.80813,1.41661,1.46499,0.000218835,0.000218835,0.000218835
1757,4522.62,0.83087,0.39588,0.79447,0.76552,0.70833,0.63368,0.19682,2.80442,1.38667,1.46852,0.00021801,0.00021801,0.00021801
1758,4525.3,0.84401,0.41038,0.80092,0.76747,0.70833,0.6347,0.19674,2.814,1.38218,1.47195,0.000217185,0.000217185,0.000217185
1759,4528.05,0.87238,0.41049,0.81067,0.76775,0.70833,0.63232,0.1953,2.81889,1.38244,1.47474,0.00021636,0.00021636,0.00021636
1760,4530.87,0.86244,0.41116,0.811,0.77237,0.70833,0.63045,0.18582,2.8112,1.36911,1.47166,0.000215535,0.000215535,0.000215535
1761,4533.59,0.77899,0.37554,0.76706,0.76885,0.6934,0.63146,0.18924,2.81183,1.37033,1.46724,0.00021471,0.00021471,0.00021471
1762,4536.44,0.85534,0.39325,0.80529,0.76802,0.6902,0.63158,0.19215,2.81324,1.3596,1.47052,0.000213884,0.000213884,0.000213884
1763,4539.27,0.85904,0.47129,0.81327,0.7672,0.68707,0.62635,0.1978,2.81398,1.3589,1.4719,0.000213059,0.000213059,0.000213059
1764,4542.1,0.81272,0.39036,0.81347,0.76304,0.70833,0.62672,0.19242,2.81077,1.36483,1.46701,0.000212234,0.000212234,0.000212234
1765,4544.91,0.8245,0.3907,0.80032,0.76307,0.70833,0.62701,0.18804,2.80413,1.35504,1.46455,0.000211409,0.000211409,0.000211409
1766,4547.7,0.78159,0.37654,0.75026,0.76914,0.69451,0.62709,0.18804,2.7991,1.34273,1.46353,0.000210584,0.000210584,0.000210584
1767,4550.42,0.8559,0.40795,0.79593,0.76205,0.70833,0.62684,0.1923,2.80533,1.35457,1.46508,0.000209759,0.000209759,0.000209759
1768,4553.23,0.83699,0.39487,0.80164,0.76081,0.70833,0.62122,0.18959,2.8062,1.36946,1.46625,0.000208933,0.000208933,0.000208933
1769,4556.02,0.85989,0.3944,0.80228,0.76755,0.70833,0.62204,0.18984,2.80869,1.37702,1.46603,0.000208108,0.000208108,0.000208108
1770,4558.78,0.85217,0.40372,0.81275,0.76695,0.70833,0.62149,0.19403,2.80491,1.40482,1.4666,0.000207283,0.000207283,0.000207283
1771,4561.51,0.83737,0.38781,0.80312,0.7674,0.70833,0.62009,0.19343,2.80788,1.41493,1.46656,0.000206458,0.000206458,0.000206458
1772,4564.24,0.80101,0.38428,0.77438,0.76581,0.70833,0.61976,0.19337,2.81344,1.44777,1.46944,0.000205633,0.000205633,0.000205633
1773,4567.15,0.80891,0.38834,0.80595,0.76506,0.70833,0.61803,0.19292,2.81825,1.45064,1.47244,0.000204808,0.000204808,0.000204808
1774,4569.99,0.83683,0.40039,0.80172,0.76512,0.70833,0.61799,0.19292,2.82552,1.44272,1.48101,0.000203982,0.000203982,0.000203982
1775,4572.72,0.83554,0.40293,0.80388,0.76409,0.70833,0.61796,0.18828,2.83471,1.45289,1.48406,0.000203157,0.000203157,0.000203157
1776,4575.54,0.82169,0.40088,0.81147,0.76421,0.70833,0.61954,0.18308,2.83174,1.44401,1.48497,0.000202332,0.000202332,0.000202332
1777,4578.39,0.87331,0.40843,0.80686,0.75767,0.70833,0.62104,0.18311,2.82548,1.4263,1.47875,0.000201507,0.000201507,0.000201507
1778,4581.05,0.76152,0.38361,0.7559,0.75968,0.70833,0.62174,0.18681,2.82757,1.40023,1.48081,0.000200682,0.000200682,0.000200682
1779,4583.8,0.87661,0.39596,0.80342,0.76125,0.70833,0.62247,0.18695,2.8261,1.36323,1.48091,0.000199857,0.000199857,0.000199857
1780,4586.59,0.78232,0.36369,0.76372,0.74074,0.70833,0.6232,0.18604,2.82416,1.36488,1.47595,0.000199031,0.000199031,0.000199031
1781,4589.38,0.84662,0.41121,0.80851,0.73846,0.70833,0.62319,0.18601,2.81717,1.35875,1.47047,0.000198206,0.000198206,0.000198206
1782,4592.11,0.84681,0.398,0.80301,0.7386,0.70833,0.62501,0.18731,2.8125,1.36607,1.46716,0.000197381,0.000197381,0.000197381
1783,4594.89,0.84251,0.39915,0.81306,0.75406,0.70833,0.62686,0.18764,2.81164,1.37744,1.46528,0.000196556,0.000196556,0.000196556
1784,4597.72,0.96397,0.43896,0.82556,0.75207,0.70833,0.62665,0.18749,2.81809,1.37895,1.47236,0.000195731,0.000195731,0.000195731
1785,4600.53,0.83177,0.38855,0.81114,0.74901,0.70833,0.62639,0.18742,2.81767,1.38281,1.4695,0.000194906,0.000194906,0.000194906
1786,4603.24,0.86455,0.40588,0.81605,0.74502,0.70833,0.62606,0.18722,2.81146,1.39073,1.46663,0.00019408,0.00019408,0.00019408
1787,4605.97,0.98097,0.45922,0.82085,0.76764,0.70833,0.62594,0.18719,2.81533,1.38911,1.46951,0.000193255,0.000193255,0.000193255
1788,4608.83,0.8901,0.47577,0.83702,0.72225,0.66667,0.5587,0.18035,2.8138,1.39655,1.46737,0.00019243,0.00019243,0.00019243
1789,4611.56,0.80362,0.38356,0.80598,0.72212,0.66667,0.55859,0.18032,2.81249,1.39676,1.46806,0.000191605,0.000191605,0.000191605
1790,4614.38,0.85433,0.38389,0.81502,0.72191,0.66667,0.55843,0.18028,2.80876,1.40331,1.46533,0.00019078,0.00019078,0.00019078
1791,4617.02,0.86799,0.41103,0.80886,0.72188,0.66667,0.55818,0.18023,2.82437,1.40009,1.47512,0.000189955,0.000189955,0.000189955
1792,4619.83,0.90884,0.40922,0.80427,0.7215,0.66667,0.55796,0.17667,2.81776,1.41159,1.47274,0.000189129,0.000189129,0.000189129
1793,4622.52,0.85547,0.39642,0.81199,0.72104,0.66667,0.56115,0.17819,2.82572,1.42613,1.47849,0.000188304,0.000188304,0.000188304
1794,4625.33,0.84721,0.40312,0.81094,0.72075,0.66667,0.55411,0.17517,2.82619,1.44101,1.47612,0.000187479,0.000187479,0.000187479
1795,4628.11,0.89031,0.40548,0.8089,0.71886,0.66667,0.55077,0.17439,2.82303,1.44922,1.47381,0.000186654,0.000186654,0.000186654
1796,4630.88,0.82975,0.40723,0.79003,0.71866,0.66667,0.54268,0.17453,2.82392,1.46789,1.47076,0.000185829,0.000185829,0.000185829
1797,4633.64,0.90238,0.40814,0.81343,0.71822,0.66667,0.54275,0.17465,2.81753,1.47337,1.46667,0.000185004,0.000185004,0.000185004
1798,4636.42,0.93184,0.41721,0.80833,0.71995,0.66667,0.54879,0.17566,2.81553,1.46626,1.46527,0.000184178,0.000184178,0.000184178
1799,4639.16,0.80443,0.39348,0.80478,0.72018,0.66667,0.54856,0.17555,2.81419,1.45662,1.46532,0.000183353,0.000183353,0.000183353
1800,4642.04,0.77938,0.3774,0.80576,0.71465,0.66667,0.54866,0.17557,2.80868,1.46312,1.46179,0.000182528,0.000182528,0.000182528
1801,4644.75,0.83972,0.41095,0.79146,0.71308,0.66667,0.54861,0.17556,2.80839,1.46979,1.46042,0.000181703,0.000181703,0.000181703
1802,4647.5,0.90003,0.41994,0.79399,0.72026,0.66667,0.55013,0.17582,2.80647,1.47905,1.46263,0.000180878,0.000180878,0.000180878
1803,4650.3,0.7976,0.39012,0.80419,0.72143,0.66667,0.54887,0.17567,2.8065,1.501,1.46129,0.000180053,0.000180053,0.000180053
1804,4653.02,0.91664,0.41617,0.83035,0.72218,0.66667,0.54912,0.17554,2.80265,1.52411,1.45645,0.000179228,0.000179228,0.000179228
1805,4655.75,0.84981,0.39419,0.75902,0.72311,0.66667,0.54894,0.17605,2.79736,1.53972,1.45592,0.000178402,0.000178402,0.000178402
1806,4658.52,0.79854,0.38561,0.80185,0.72323,0.66667,0.55201,0.17635,2.78757,1.54564,1.4493,0.000177577,0.000177577,0.000177577
1807,4661.26,0.87556,0.39964,0.80055,0.72453,0.66667,0.55133,0.17367,2.78888,1.56312,1.45062,0.000176752,0.000176752,0.000176752
1808,4663.99,0.74877,0.36941,0.75784,0.72445,0.66667,0.55096,0.17303,2.79082,1.58549,1.44866,0.000175927,0.000175927,0.000175927
1809,4666.69,0.86299,0.41848,0.81841,0.7252,0.66667,0.5508,0.17196,2.79261,1.61692,1.4526,0.000175102,0.000175102,0.000175102
1810,4669.45,0.76833,0.3806,0.80251,0.73474,0.66667,0.5546,0.17547,2.79313,1.65006,1.45192,0.000174277,0.000174277,0.000174277
1811,4672.22,0.86586,0.39853,0.81944,0.74554,0.66667,0.5544,0.17638,2.79548,1.67125,1.45257,0.000173451,0.000173451,0.000173451
1812,4675,0.83199,0.39887,0.80647,0.75347,0.66667,0.54738,0.17343,2.79273,1.70469,1.4479,0.000172626,0.000172626,0.000172626
1813,4677.84,0.84616,0.39226,0.81655,0.75923,0.66667,0.54643,0.17354,2.79571,1.70406,1.44993,0.000171801,0.000171801,0.000171801
1814,4680.57,0.83318,0.39075,0.82291,0.76139,0.66667,0.54637,0.17667,2.79889,1.72131,1.44941,0.000170976,0.000170976,0.000170976
1815,4683.34,0.90351,0.40987,0.79638,0.76096,0.66337,0.54622,0.17327,2.80146,1.71155,1.45061,0.000170151,0.000170151,0.000170151
1816,4686.13,0.75546,0.35945,0.75569,0.76064,0.66224,0.54677,0.17361,2.81208,1.7034,1.45625,0.000169326,0.000169326,0.000169326
1817,4688.79,0.84672,0.38955,0.81012,0.76158,0.66554,0.55347,0.17629,2.82071,1.69675,1.45922,0.0001685,0.0001685,0.0001685
1818,4691.56,0.86548,0.41951,0.82202,0.76164,0.66575,0.54081,0.16949,2.82551,1.69017,1.45863,0.000167675,0.000167675,0.000167675
1819,4694.36,0.85627,0.42301,0.77779,0.76114,0.664,0.54313,0.17299,2.82002,1.67071,1.4542,0.00016685,0.00016685,0.00016685
1820,4697.12,0.84148,0.40005,0.8033,0.76146,0.66512,0.54584,0.17705,2.82497,1.64594,1.45362,0.000166025,0.000166025,0.000166025
1821,4699.84,0.79373,0.37258,0.80784,0.75873,0.66667,0.54651,0.17713,2.81814,1.63288,1.45269,0.0001652,0.0001652,0.0001652
1822,4702.56,0.77369,0.38634,0.80121,0.75577,0.66667,0.55327,0.17982,2.81807,1.62632,1.45252,0.000164375,0.000164375,0.000164375
1823,4705.29,0.83594,0.40001,0.8159,0.75755,0.66667,0.54682,0.17601,2.81956,1.61286,1.45684,0.000163549,0.000163549,0.000163549
1824,4708.06,0.90136,0.43149,0.81039,0.74207,0.66667,0.55352,0.17987,2.81511,1.59283,1.45432,0.000162724,0.000162724,0.000162724
1825,4710.78,0.81381,0.39318,0.8038,0.74608,0.66667,0.55354,0.177,2.80905,1.5789,1.45257,0.000161899,0.000161899,0.000161899
1826,4713.53,0.84985,0.40546,0.8111,0.74633,0.66667,0.5534,0.18041,2.80079,1.56554,1.44672,0.000161074,0.000161074,0.000161074
1827,4716.23,0.80287,0.37674,0.80402,0.74782,0.66667,0.54687,0.17785,2.79719,1.55075,1.44475,0.000160249,0.000160249,0.000160249
1828,4719.04,0.85017,0.39779,0.8008,0.74843,0.66667,0.5546,0.1827,2.79055,1.54108,1.4427,0.000159424,0.000159424,0.000159424
1829,4721.77,0.8,0.38687,0.79429,0.74896,0.66667,0.55281,0.17847,2.78267,1.53246,1.44019,0.000158598,0.000158598,0.000158598
1830,4724.47,0.9108,0.44097,0.80709,0.74719,0.66667,0.55477,0.18274,2.77825,1.52214,1.43983,0.000157773,0.000157773,0.000157773
1831,4727.27,0.76636,0.36573,0.75835,0.74418,0.66667,0.55307,0.17644,2.78098,1.5049,1.44143,0.000156948,0.000156948,0.000156948
1832,4730.03,0.798,0.39459,0.80165,0.74221,0.66667,0.55237,0.17846,2.78197,1.49125,1.44608,0.000156123,0.000156123,0.000156123
1833,4733.03,0.78154,0.36145,0.76307,0.74294,0.66667,0.55412,0.18268,2.78405,1.497,1.44684,0.000155298,0.000155298,0.000155298
1834,4735.73,0.86579,0.40521,0.81965,0.74526,0.66667,0.55445,0.18046,2.79368,1.50075,1.45286,0.000154473,0.000154473,0.000154473
1835,4738.45,0.89452,0.40386,0.80968,0.74763,0.66667,0.55179,0.17611,2.79371,1.51911,1.45347,0.000153647,0.000153647,0.000153647
1836,4741.2,0.91678,0.41676,0.81088,0.74942,0.66667,0.55351,0.18565,2.79229,1.51807,1.45516,0.000152822,0.000152822,0.000152822
1837,4743.85,0.85374,0.41784,0.80996,0.75815,0.66667,0.54544,0.17499,2.79591,1.51933,1.45893,0.000151997,0.000151997,0.000151997
1838,4746.51,0.78448,0.36934,0.75995,0.76,0.66667,0.54527,0.17486,2.79898,1.5438,1.4571,0.000151172,0.000151172,0.000151172
1839,4749.18,0.81934,0.4004,0.80285,0.76098,0.66344,0.54518,0.17675,2.80678,1.55755,1.46586,0.000150347,0.000150347,0.000150347
1840,4751.91,0.85369,0.39735,0.80028,0.76059,0.66205,0.54519,0.17476,2.81298,1.56231,1.46665,0.000149522,0.000149522,0.000149522
1841,4754.63,0.86146,0.40497,0.81633,0.76064,0.66224,0.54519,0.17476,2.81583,1.5623,1.46865,0.000148696,0.000148696,0.000148696
1842,4757.3,0.8465,0.39564,0.81317,0.76066,0.66231,0.54513,0.1748,2.8103,1.57612,1.46222,0.000147871,0.000147871,0.000147871
1843,4760.04,0.83988,0.38357,0.81003,0.76034,0.66118,0.54504,0.17268,2.81282,1.59248,1.46271,0.000147046,0.000147046,0.000147046
1844,4762.84,0.76298,0.35796,0.75131,0.71915,0.625,0.54314,0.16657,2.81582,1.60751,1.46432,0.000146221,0.000146221,0.000146221
1845,4765.55,0.85779,0.40357,0.79322,0.71985,0.625,0.5431,0.16655,2.81731,1.62434,1.46446,0.000145396,0.000145396,0.000145396
1846,4768.25,0.8583,0.39005,0.79602,0.72124,0.625,0.53917,0.16604,2.81904,1.63129,1.46818,0.000144571,0.000144571,0.000144571
1847,4771.02,0.87073,0.39292,0.81978,0.72953,0.625,0.53378,0.165,2.81904,1.63502,1.4683,0.000143745,0.000143745,0.000143745
1848,4773.88,0.83417,0.39066,0.79942,0.73136,0.625,0.54215,0.16145,2.82043,1.65422,1.4691,0.00014292,0.00014292,0.00014292
1849,4776.52,0.84389,0.38011,0.81378,0.73216,0.625,0.53736,0.16695,2.81973,1.65496,1.47119,0.000142095,0.000142095,0.000142095
1850,4779.22,0.80839,0.38618,0.80524,0.73293,0.625,0.53873,0.16429,2.81305,1.64657,1.46768,0.00014127,0.00014127,0.00014127
1851,4781.99,0.81103,0.40479,0.79502,0.7332,0.625,0.53867,0.17044,2.81236,1.64673,1.46737,0.000140445,0.000140445,0.000140445
1852,4784.8,0.81387,0.37505,0.81184,0.73369,0.625,0.53778,0.16937,2.8145,1.65796,1.46376,0.00013962,0.00013962,0.00013962
1853,4787.44,0.75265,0.41593,0.74615,0.73273,0.625,0.53768,0.17018,2.81649,1.66932,1.46641,0.000138794,0.000138794,0.000138794
1854,4790.2,0.84239,0.39572,0.8131,0.73138,0.625,0.53762,0.16427,2.8224,1.66972,1.46935,0.000137969,0.000137969,0.000137969
1855,4792.89,0.82401,0.39641,0.80868,0.731,0.625,0.53756,0.16482,2.8235,1.67742,1.46781,0.000137144,0.000137144,0.000137144
1856,4795.63,0.88154,0.39721,0.79925,0.73054,0.625,0.53073,0.16443,2.82293,1.68124,1.4696,0.000136319,0.000136319,0.000136319
1857,4798.28,0.88373,0.39642,0.81082,0.72969,0.625,0.53079,0.17173,2.83152,1.67306,1.47299,0.000135494,0.000135494,0.000135494
1858,4800.99,0.80905,0.37841,0.79997,0.72885,0.625,0.53009,0.16906,2.83878,1.67219,1.47723,0.000134669,0.000134669,0.000134669
1859,4803.69,0.88752,0.40658,0.82745,0.7277,0.625,0.5258,0.17099,2.84466,1.67885,1.48022,0.000133843,0.000133843,0.000133843
1860,4806.38,0.80596,0.37952,0.80524,0.73349,0.625,0.52211,0.16202,2.85442,1.68818,1.48453,0.000133018,0.000133018,0.000133018
1861,4809.13,0.76668,0.37442,0.79369,0.73755,0.625,0.5288,0.16419,2.86465,1.70798,1.48936,0.000132193,0.000132193,0.000132193
1862,4811.86,0.86265,0.39705,0.80824,0.73983,0.625,0.52856,0.16408,2.86599,1.72187,1.48851,0.000131368,0.000131368,0.000131368
1863,4814.61,0.81237,0.38898,0.7909,0.74514,0.625,0.52055,0.16183,2.87006,1.72994,1.49146,0.000130543,0.000130543,0.000130543
1864,4817.39,0.83542,0.38864,0.80624,0.74713,0.625,0.52053,0.15783,2.87092,1.73509,1.49208,0.000129718,0.000129718,0.000129718
1865,4820.15,0.79675,0.38949,0.80201,0.74806,0.61887,0.52672,0.16016,2.86618,1.74133,1.49404,0.000128892,0.000128892,0.000128892
1866,4822.87,0.88575,0.42279,0.80676,0.74757,0.61729,0.52379,0.15792,2.86567,1.75198,1.49405,0.000128067,0.000128067,0.000128067
1867,4825.62,0.82691,0.38194,0.7948,0.74649,0.61389,0.52377,0.15722,2.86032,1.77254,1.4955,0.000127242,0.000127242,0.000127242
1868,4828.36,0.83238,0.39549,0.80588,0.74705,0.61566,0.53574,0.16526,2.85449,1.79144,1.49024,0.000126417,0.000126417,0.000126417
1869,4831.08,0.83371,0.40758,0.79735,0.74767,0.61763,0.5237,0.16633,2.85705,1.80115,1.48967,0.000125592,0.000125592,0.000125592
1870,4833.9,0.96133,0.45448,0.82269,0.74702,0.61556,0.52903,0.17098,2.86038,1.80426,1.49409,0.000124767,0.000124767,0.000124767
1871,4836.56,0.78501,0.37093,0.77321,0.79786,0.65818,0.59673,0.17815,2.85919,1.80235,1.49483,0.000123941,0.000123941,0.000123941
1872,4839.31,0.88039,0.39705,0.81186,0.74778,0.61797,0.52855,0.17093,2.85947,1.80091,1.4971,0.000123116,0.000123116,0.000123116
1873,4841.96,0.73717,0.36065,0.75045,0.79758,0.65709,0.59621,0.17427,2.85155,1.80943,1.49347,0.000122291,0.000122291,0.000122291
1874,4844.72,0.80118,0.37675,0.80112,0.74839,0.61992,0.52853,0.17084,2.86596,1.81228,1.5005,0.000121466,0.000121466,0.000121466
1875,4847.43,0.8602,0.38735,0.80735,0.74914,0.62229,0.52852,0.17124,2.8653,1.81182,1.49816,0.000120641,0.000120641,0.000120641
1876,4850.19,0.91103,0.40616,0.82099,0.74832,0.6197,0.52947,0.17147,2.86645,1.81619,1.49926,0.000119816,0.000119816,0.000119816
1877,4852.85,0.74989,0.36018,0.76038,0.74959,0.62371,0.53051,0.17172,2.87541,1.81946,1.50159,0.00011899,0.00011899,0.00011899
1878,4855.55,0.81893,0.38315,0.7942,0.74976,0.62424,0.53157,0.17159,2.87463,1.8288,1.50234,0.000118165,0.000118165,0.000118165
1879,4858.26,0.74221,0.34838,0.7566,0.74801,0.61869,0.53104,0.17153,2.86742,1.83773,1.49364,0.00011734,0.00011734,0.00011734
1880,4861.05,0.78152,0.38231,0.81089,0.7484,0.61992,0.53149,0.17158,2.86791,1.85852,1.49328,0.000116515,0.000116515,0.000116515
1881,4863.8,0.83424,0.40281,0.8007,0.79709,0.65515,0.5935,0.17676,2.8644,1.86485,1.49249,0.00011569,0.00011569,0.00011569
1882,4866.6,0.83246,0.38796,0.79738,0.79737,0.65626,0.59226,0.17647,2.87213,1.86724,1.49453,0.000114865,0.000114865,0.000114865
1883,4869.37,0.77367,0.37925,0.81085,0.79793,0.65848,0.59464,0.17683,2.87289,1.87393,1.49248,0.000114039,0.000114039,0.000114039
1884,4872.11,0.90483,0.40452,0.80964,0.79631,0.65206,0.5918,0.17633,2.8716,1.90993,1.49211,0.000113214,0.000113214,0.000113214
1885,4874.83,0.82108,0.38689,0.79738,0.79738,0.6563,0.59027,0.17598,2.86555,1.91538,1.48772,0.000112389,0.000112389,0.000112389
1886,4877.63,0.84483,0.3881,0.80808,0.79764,0.65732,0.59033,0.17599,2.8631,1.91277,1.48445,0.000111564,0.000111564,0.000111564
1887,4880.2,0.85495,0.413,0.81815,0.79801,0.65879,0.5973,0.17785,2.85738,1.91038,1.48198,0.000110739,0.000110739,0.000110739
1888,4882.84,0.82092,0.37244,0.81711,0.79931,0.66392,0.59733,0.17165,2.85105,1.87575,1.48145,0.000109914,0.000109914,0.000109914
1889,4885.38,0.90067,0.39805,0.80972,0.79931,0.66392,0.59841,0.1719,2.84721,1.8771,1.48022,0.000109088,0.000109088,0.000109088
1890,4887.97,0.84736,0.39476,0.80887,0.79946,0.66454,0.59784,0.17182,2.84738,1.8868,1.47944,0.000108263,0.000108263,0.000108263
1891,4890.59,0.78923,0.37752,0.81089,0.79934,0.66405,0.59899,0.17209,2.85116,1.87615,1.47944,0.000107438,0.000107438,0.000107438
1892,4893.14,0.9332,0.4234,0.80838,0.79639,0.66667,0.59741,0.16625,2.85939,1.88437,1.48214,0.000106613,0.000106613,0.000106613
1893,4895.8,0.80588,0.37056,0.80443,0.79986,0.66667,0.59741,0.16625,2.85466,1.90026,1.48147,0.000105788,0.000105788,0.000105788
1894,4898.36,0.85368,0.40824,0.81012,0.79986,0.66667,0.60224,0.168,2.862,1.90755,1.48198,0.000104963,0.000104963,0.000104963
1895,4900.91,0.78543,0.37439,0.80409,0.79813,0.65928,0.60274,0.16811,2.86644,1.91816,1.48378,0.000104137,0.000104137,0.000104137
1896,4903.47,0.80977,0.37686,0.8178,0.79824,0.66667,0.59697,0.16614,2.86704,1.90791,1.48494,0.000103312,0.000103312,0.000103312
1897,4906.01,0.85538,0.38264,0.80484,0.7961,0.66667,0.60235,0.18031,2.86348,1.90054,1.4847,0.000102487,0.000102487,0.000102487
1898,4908.55,0.8397,0.40224,0.80727,0.79261,0.66667,0.60339,0.18055,2.86836,1.87621,1.48882,0.000101662,0.000101662,0.000101662
1899,4911.07,0.84593,0.3922,0.79834,0.79307,0.66667,0.60339,0.18071,2.86721,1.85803,1.48849,0.000100837,0.000100837,0.000100837
1900,4913.62,0.88979,0.41719,0.82188,0.7786,0.66667,0.60248,0.18063,2.86065,1.83529,1.48081,0.000100012,0.000100012,0.000100012
1901,4916.13,0.77628,0.37592,0.80772,0.7745,0.66667,0.60248,0.18063,2.85776,1.83275,1.47739,9.91865e-05,9.91865e-05,9.91865e-05
1902,4918.68,0.83241,0.38396,0.8073,0.77638,0.66667,0.60302,0.17541,2.85725,1.83051,1.47552,9.83613e-05,9.83613e-05,9.83613e-05
1903,4921.2,0.80497,0.37733,0.80189,0.77987,0.66667,0.60298,0.18091,2.8658,1.82307,1.48222,9.75362e-05,9.75362e-05,9.75362e-05
1904,4923.75,0.8857,0.41339,0.8148,0.79356,0.64119,0.60291,0.18083,2.86887,1.844,1.48099,9.6711e-05,9.6711e-05,9.6711e-05
1905,4926.26,0.85581,0.38572,0.81268,0.79157,0.6333,0.60284,0.18224,2.86771,1.84024,1.48146,9.58858e-05,9.58858e-05,9.58858e-05
1906,4928.81,0.77086,0.38867,0.80734,0.79141,0.63266,0.60279,0.17528,2.87389,1.86389,1.48017,9.50607e-05,9.50607e-05,9.50607e-05
1907,4931.36,0.82897,0.40249,0.81688,0.79045,0.62886,0.60278,0.17528,2.87653,1.86551,1.4859,9.42355e-05,9.42355e-05,9.42355e-05
1908,4933.88,0.75907,0.3687,0.812,0.74126,0.59733,0.54952,0.16651,2.88263,1.88547,1.48559,9.34103e-05,9.34103e-05,9.34103e-05
1909,4936.38,0.80372,0.40935,0.80725,0.73181,0.58333,0.5532,0.16798,2.8885,1.89959,1.48787,9.25852e-05,9.25852e-05,9.25852e-05
1910,4938.99,0.80034,0.38988,0.81221,0.7345,0.57666,0.55315,0.16343,2.89135,1.90218,1.491,9.176e-05,9.176e-05,9.176e-05
1911,4941.6,0.80377,0.38456,0.80231,0.73115,0.56712,0.55179,0.1632,2.89429,1.91603,1.49187,9.09349e-05,9.09349e-05,9.09349e-05
1912,4944.14,0.77907,0.37843,0.81772,0.7244,0.54786,0.55252,0.16328,2.89538,1.93689,1.49036,9.01097e-05,9.01097e-05,9.01097e-05
1913,4946.65,0.8322,0.39097,0.82623,0.72624,0.55311,0.55199,0.16316,2.8978,1.93939,1.49243,8.92845e-05,8.92845e-05,8.92845e-05
1914,4949.23,0.8399,0.39331,0.78367,0.72483,0.5491,0.55066,0.16747,2.89581,1.93654,1.49398,8.84594e-05,8.84594e-05,8.84594e-05
1915,4951.82,0.85125,0.40656,0.8041,0.7266,0.55413,0.55204,0.16762,2.90304,1.92755,1.49881,8.76342e-05,8.76342e-05,8.76342e-05
1916,4954.42,0.79595,0.39026,0.7999,0.73128,0.54167,0.55053,0.16727,2.90696,1.92648,1.50531,8.6809e-05,8.6809e-05,8.6809e-05
1917,4956.96,0.87561,0.42456,0.80751,0.73128,0.54167,0.54961,0.16705,2.91141,1.94093,1.50734,8.59839e-05,8.59839e-05,8.59839e-05
1918,4959.5,0.78456,0.373,0.80817,0.74911,0.54167,0.55105,0.16738,2.91286,1.95559,1.50869,8.51587e-05,8.51587e-05,8.51587e-05
1919,4962.05,0.77809,0.3782,0.78858,0.76119,0.54167,0.54875,0.1669,2.90816,1.95525,1.50917,8.43335e-05,8.43335e-05,8.43335e-05
1920,4964.64,0.83913,0.38219,0.81255,0.76391,0.54167,0.54761,0.16663,2.91541,1.96996,1.51187,8.35084e-05,8.35084e-05,8.35084e-05
1921,4967.16,0.858,0.40106,0.80469,0.764,0.53967,0.54695,0.16647,2.9168,1.97904,1.51205,8.26832e-05,8.26832e-05,8.26832e-05
1922,4969.67,0.83074,0.38354,0.8084,0.75859,0.54167,0.54796,0.16671,2.90725,1.96385,1.50982,8.1858e-05,8.1858e-05,8.1858e-05
1923,4972.25,0.85227,0.39868,0.80907,0.75827,0.54167,0.54965,0.16692,2.9068,1.96131,1.50979,8.10329e-05,8.10329e-05,8.10329e-05
1924,4974.78,0.76935,0.36557,0.75836,0.757,0.54167,0.55313,0.16766,2.90321,1.94926,1.51019,8.02077e-05,8.02077e-05,8.02077e-05
1925,4977.32,0.86327,0.39396,0.81635,0.7766,0.54167,0.55222,0.16746,2.89988,1.94517,1.50543,7.93825e-05,7.93825e-05,7.93825e-05
1926,4979.93,0.81831,0.39738,0.81523,0.7906,0.54167,0.5522,0.16745,2.89994,1.97304,1.50589,7.85574e-05,7.85574e-05,7.85574e-05
1927,4982.45,0.87624,0.39632,0.80876,0.81124,0.54167,0.55066,0.16715,2.90275,1.99572,1.50733,7.77322e-05,7.77322e-05,7.77322e-05
1928,4985.16,0.80189,0.39622,0.80184,0.7639,0.54167,0.54862,0.16685,2.90453,2.02977,1.50958,7.6907e-05,7.6907e-05,7.6907e-05
1929,4987.67,0.75645,0.37113,0.80495,0.74355,0.54167,0.5486,0.16719,2.90575,2.03337,1.50908,7.60819e-05,7.60819e-05,7.60819e-05
1930,4990.24,0.80961,0.39298,0.82091,0.73843,0.54167,0.54224,0.16463,2.90287,2.03332,1.50896,7.52567e-05,7.52567e-05,7.52567e-05
1931,4992.77,0.85511,0.40096,0.80827,0.74868,0.54167,0.54858,0.16718,2.90748,2.05066,1.51208,7.44316e-05,7.44316e-05,7.44316e-05
1932,4995.44,0.8478,0.40075,0.79636,0.75012,0.54167,0.53615,0.16392,2.9017,2.049,1.51066,7.36064e-05,7.36064e-05,7.36064e-05
1933,4998.02,0.88474,0.40337,0.79265,0.73331,0.54167,0.53807,0.16455,2.8954,2.04313,1.50547,7.27812e-05,7.27812e-05,7.27812e-05
1934,5000.58,0.75227,0.36607,0.81677,0.73164,0.54167,0.5385,0.16466,2.89446,2.04197,1.50861,7.19561e-05,7.19561e-05,7.19561e-05
1935,5003.1,0.84938,0.40378,0.79374,0.72121,0.54167,0.53852,0.16897,2.89058,2.04637,1.50441,7.11309e-05,7.11309e-05,7.11309e-05
1936,5005.62,0.80772,0.38348,0.80578,0.71443,0.54167,0.53853,0.16889,2.89563,2.03667,1.50735,7.03057e-05,7.03057e-05,7.03057e-05
1937,5008.16,0.79007,0.39726,0.79487,0.72378,0.54612,0.53902,0.16888,2.89726,2.04155,1.5099,6.94806e-05,6.94806e-05,6.94806e-05
1938,5010.83,0.86103,0.40426,0.8116,0.72266,0.54293,0.53865,0.16854,2.8974,2.03295,1.51037,6.86554e-05,6.86554e-05,6.86554e-05
1939,5013.38,0.79422,0.37265,0.80887,0.72597,0.55235,0.53474,0.16802,2.89644,2.02912,1.51088,6.78302e-05,6.78302e-05,6.78302e-05
1940,5015.95,0.86565,0.39118,0.80407,0.72848,0.5595,0.53477,0.16802,2.90076,2.0236,1.51043,6.70051e-05,6.70051e-05,6.70051e-05
1941,5018.47,0.85406,0.40673,0.80986,0.72347,0.54167,0.53598,0.16867,2.89364,2.01457,1.50994,6.61799e-05,6.61799e-05,6.61799e-05
1942,5021.01,0.78936,0.38439,0.81558,0.77491,0.57418,0.5363,0.16863,2.89274,2.01575,1.51153,6.53547e-05,6.53547e-05,6.53547e-05
1943,5023.54,0.77374,0.37584,0.79802,0.77598,0.57761,0.53773,0.16895,2.89619,2.01244,1.51317,6.45296e-05,6.45296e-05,6.45296e-05
1944,5026.11,0.80821,0.39724,0.80486,0.76759,0.55085,0.53706,0.16879,2.89622,2.02065,1.51752,6.37044e-05,6.37044e-05,6.37044e-05
1945,5028.66,0.7705,0.36712,0.79546,0.7706,0.56046,0.53742,0.16887,2.89853,2.0084,1.51583,6.28792e-05,6.28792e-05,6.28792e-05
1946,5031.27,0.7694,0.45043,0.75317,0.77239,0.56616,0.53432,0.16856,2.89515,2.01251,1.51331,6.20541e-05,6.20541e-05,6.20541e-05
1947,5033.75,0.78387,0.38065,0.81969,0.7676,0.55088,0.53539,0.16881,2.89882,2.01362,1.51714,6.12289e-05,6.12289e-05,6.12289e-05
1948,5036.3,0.80562,0.37554,0.80181,0.76441,0.54084,0.535,0.16872,2.8956,2.02321,1.51484,6.04037e-05,6.04037e-05,6.04037e-05
1949,5038.83,0.83729,0.3953,0.80145,0.77136,0.56288,0.53578,0.1689,2.90032,2.02398,1.51825,5.95786e-05,5.95786e-05,5.95786e-05
1950,5041.4,0.79576,0.38481,0.79906,0.77635,0.57879,0.53618,0.169,2.90476,2.02277,1.51929,5.87534e-05,5.87534e-05,5.87534e-05
1951,5043.99,0.81156,0.37936,0.80903,0.77349,0.58333,0.53174,0.16427,2.90372,2.02925,1.51914,5.79283e-05,5.79283e-05,5.79283e-05
1952,5046.52,0.84078,0.40853,0.79965,0.77453,0.57297,0.52903,0.16688,2.91294,2.05249,1.52283,5.71031e-05,5.71031e-05,5.71031e-05
1953,5049.02,0.82791,0.3848,0.80779,0.77721,0.58151,0.52823,0.16668,2.91152,2.08602,1.52123,5.62779e-05,5.62779e-05,5.62779e-05
1954,5051.55,0.80938,0.37655,0.78291,0.77719,0.58147,0.52896,0.16397,2.90563,2.11067,1.51392,5.54528e-05,5.54528e-05,5.54528e-05
1955,5054.06,0.76433,0.38392,0.75493,0.7774,0.58333,0.52673,0.16344,2.90773,2.13312,1.51646,5.46276e-05,5.46276e-05,5.46276e-05
1956,5056.67,0.78809,0.373,0.7879,0.7754,0.57576,0.52706,0.16352,2.91397,2.17664,1.51607,5.38024e-05,5.38024e-05,5.38024e-05
1957,5059.2,0.83301,0.39578,0.79314,0.7754,0.57576,0.53516,0.16585,2.91369,2.17061,1.51579,5.29773e-05,5.29773e-05,5.29773e-05
1958,5061.81,0.81093,0.3918,0.80899,0.7774,0.58333,0.52849,0.16588,2.91239,2.159,1.51654,5.21521e-05,5.21521e-05,5.21521e-05
1959,5064.45,0.83303,0.37771,0.81378,0.77181,0.58333,0.53555,0.16077,2.91759,2.15438,1.52103,5.13269e-05,5.13269e-05,5.13269e-05
1960,5067.05,0.78798,0.38112,0.79937,0.77181,0.58333,0.52887,0.15876,2.9138,2.16475,1.51419,5.05018e-05,5.05018e-05,5.05018e-05
1961,5069.58,0.85471,0.40831,0.81238,0.77739,0.58209,0.52887,0.16306,2.91909,2.1517,1.52164,4.96766e-05,4.96766e-05,4.96766e-05
1962,5072.18,0.79853,0.37503,0.81072,0.77538,0.58333,0.52888,0.16306,2.91218,2.16264,1.51466,4.88514e-05,4.88514e-05,4.88514e-05
1963,5074.73,0.85322,0.38462,0.80349,0.77212,0.56531,0.52848,0.15867,2.91003,2.18354,1.5123,4.80263e-05,4.80263e-05,4.80263e-05
1964,5077.34,0.85677,0.42081,0.81105,0.77106,0.56193,0.52667,0.16113,2.90848,2.19764,1.51108,4.72011e-05,4.72011e-05,4.72011e-05
1965,5079.88,0.84669,0.39613,0.82059,0.77106,0.56193,0.52665,0.16113,2.90369,2.20541,1.51117,4.63759e-05,4.63759e-05,4.63759e-05
1966,5082.44,0.81494,0.3805,0.80951,0.7719,0.56461,0.52627,0.16104,2.90429,2.22115,1.51058,4.55508e-05,4.55508e-05,4.55508e-05
1967,5085.14,0.8116,0.36799,0.80764,0.77087,0.56133,0.52592,0.16096,2.90653,2.23405,1.50979,4.47256e-05,4.47256e-05,4.47256e-05
1968,5087.69,0.86714,0.40946,0.80039,0.76947,0.55686,0.5259,0.16095,2.90287,2.25789,1.50856,4.39004e-05,4.39004e-05,4.39004e-05
1969,5090.27,0.83991,0.38609,0.80142,0.76756,0.55076,0.5259,0.15807,2.9065,2.25499,1.51651,4.30753e-05,4.30753e-05,4.30753e-05
1970,5092.79,0.86476,0.39915,0.8107,0.76728,0.54988,0.52177,0.15683,2.90932,2.25909,1.5171,4.22501e-05,4.22501e-05,4.22501e-05
1971,5095.3,0.80033,0.40106,0.80098,0.76627,0.54665,0.52142,0.15675,2.90374,2.26568,1.51412,4.1425e-05,4.1425e-05,4.1425e-05
1972,5097.84,0.81491,0.38066,0.79004,0.76627,0.54665,0.52693,0.15831,2.90833,2.28396,1.51737,4.05998e-05,4.05998e-05,4.05998e-05
1973,5100.38,0.84099,0.38948,0.7996,0.7647,0.54164,0.5332,0.16309,2.90669,2.30152,1.51467,3.97746e-05,3.97746e-05,3.97746e-05
1974,5102.99,0.79413,0.37478,0.80303,0.76377,0.53901,0.52837,0.16147,2.90299,2.31826,1.5104,3.89495e-05,3.89495e-05,3.89495e-05
1975,5105.58,0.83836,0.39178,0.80772,0.76377,0.53901,0.52206,0.15955,2.90466,2.32737,1.51324,3.81243e-05,3.81243e-05,3.81243e-05
1976,5108.21,0.87965,0.39698,0.81057,0.76309,0.53709,0.52674,0.1611,2.90485,2.31474,1.51299,3.72991e-05,3.72991e-05,3.72991e-05
1977,5110.74,0.81475,0.40851,0.80259,0.76253,0.53549,0.52453,0.16063,2.90265,2.32997,1.51407,3.6474e-05,3.6474e-05,3.6474e-05
1978,5113.25,0.8038,0.37393,0.80325,0.76296,0.53671,0.52453,0.16063,2.9058,2.33435,1.51484,3.56488e-05,3.56488e-05,3.56488e-05
1979,5115.8,0.84191,0.39557,0.7968,0.76222,0.53463,0.51748,0.1585,2.9026,2.33826,1.51353,3.48236e-05,3.48236e-05,3.48236e-05
1980,5118.39,0.81426,0.38561,0.79964,0.76156,0.53276,0.51575,0.15847,2.90281,2.34666,1.51258,3.39985e-05,3.39985e-05,3.39985e-05
1981,5120.93,0.85265,0.39549,0.81527,0.76027,0.5291,0.51464,0.15821,2.90297,2.36797,1.51421,3.31733e-05,3.31733e-05,3.31733e-05
1982,5123.5,0.80231,0.37922,0.81379,0.75971,0.52752,0.51333,0.15791,2.90048,2.38699,1.51206,3.23481e-05,3.23481e-05,3.23481e-05
1983,5126.08,0.82198,0.37646,0.81066,0.75834,0.52362,0.50989,0.15712,2.89778,2.42095,1.51152,3.1523e-05,3.1523e-05,3.1523e-05
1984,5128.7,0.81934,0.38452,0.81607,0.75883,0.52501,0.50861,0.15683,2.8996,2.44191,1.51153,3.06978e-05,3.06978e-05,3.06978e-05
1985,5131.42,0.84266,0.38915,0.81736,0.75883,0.52501,0.50768,0.15662,2.89957,2.43911,1.51166,2.98726e-05,2.98726e-05,2.98726e-05
1986,5134.02,0.8144,0.39334,0.81411,0.75532,0.51507,0.50744,0.15656,2.90338,2.43933,1.51369,2.90475e-05,2.90475e-05,2.90475e-05
1987,5136.54,0.7301,0.36437,0.7849,0.75469,0.51329,0.50698,0.15645,2.9067,2.45999,1.51748,2.82223e-05,2.82223e-05,2.82223e-05
1988,5139.15,0.77902,0.40511,0.8107,0.75442,0.51251,0.51155,0.15795,2.90936,2.45621,1.51757,2.73971e-05,2.73971e-05,2.73971e-05
1989,5141.67,0.74256,0.36451,0.7516,0.75501,0.51418,0.50658,0.15636,2.91101,2.44345,1.52037,2.6572e-05,2.6572e-05,2.6572e-05
1990,5144.16,0.74092,0.36743,0.78183,0.75595,0.51685,0.50657,0.15636,2.9123,2.43866,1.51901,2.57468e-05,2.57468e-05,2.57468e-05
1991,5174.44,0.86835,0.38791,0.7968,0.75902,0.52557,0.50763,0.1566,2.90929,2.44735,1.51548,2.49217e-05,2.49217e-05,2.49217e-05
1992,5177.13,0.86872,0.39572,0.80227,0.75969,0.52747,0.51204,0.15921,2.91,2.45467,1.51739,2.40965e-05,2.40965e-05,2.40965e-05
1993,5179.71,0.85806,0.40352,0.79891,0.76039,0.52943,0.51341,0.15946,2.89554,2.53873,1.50146,2.32713e-05,2.32713e-05,2.32713e-05
1994,5182.22,0.87438,0.39923,0.7994,0.72587,0.5,0.51098,0.15892,2.89515,2.60035,1.50771,2.24462e-05,2.24462e-05,2.24462e-05
1995,5184.73,0.81727,0.36795,0.80481,0.72603,0.5,0.51574,0.15778,2.90335,2.69072,1.51141,2.1621e-05,2.1621e-05,2.1621e-05
1996,5187.2,0.85743,0.39899,0.80759,0.72669,0.5,0.51965,0.15398,2.90609,2.82645,1.51549,2.07958e-05,2.07958e-05,2.07958e-05
1997,5189.61,0.84971,0.41162,0.80486,0.74518,0.5,0.51571,0.15999,2.90649,2.97428,1.51649,1.99707e-05,1.99707e-05,1.99707e-05
1998,5192.12,0.82575,0.38308,0.80938,0.68974,0.45833,0.50968,0.15378,2.91058,3.12846,1.51627,1.91455e-05,1.91455e-05,1.91455e-05
1999,5194.61,0.81734,0.38696,0.80153,0.69126,0.45833,0.51113,0.15433,2.91244,3.3363,1.52113,1.83203e-05,1.83203e-05,1.83203e-05
2000,5197.08,0.79021,0.37019,0.81095,0.69974,0.45833,0.50434,0.15371,2.91627,3.63711,1.52583,1.74952e-05,1.74952e-05,1.74952e-05
